departamento,anio_referencia_y,mes_referencia_y,produccion_mensual_desde_semana_t,produccion_mensual_proxy_t,produccion_anual_departamental_t,area_cosechada_departamental_ha,rendimiento_departamental_t_ha,valor_cosecha_anual_millones,PRECTOTCORR,IMERG_PRECTOT,lluvia_acum_4s,lluvia_acum_8s,T2M_mean,T2M_MAX_mean,T2M_MIN_mean,RH2M_mean,GWETROOT_mean,ALLSKY_SFC_SW_DWN_mean,WS2M_mean,anomalia_lluvia_semana_iso_mean,indice_climatico_base_x_mean,indice_climatico_ajustado_x_mean,dummy_exceso_lluvia_p75_any,dummy_estres_hidrico_p25_any,dummy_temp_max_alta_p75_any,precio_interno_cop_carga_mean,precio_externo_exdock_cent_usd_lb_mean,exportaciones_mensual_miles_sacos_mean,trm_promedio_semana_cop_usd_mean,diff_target_mensual,fecha_mes,mes_label
ANTIOQUIA,2021,1,179.632091246951,198.8783867376958,2313.87,1752.93,1.229704035508213,10768530.45442331,9.02,284,39.95428571428571,45.85095238095238,21.81178571428572,26.97107142857143,18.10571428571428,80.05214285714285,0.6314285714285715,18.63892857142857,0.2196428571428571,-0.709732142857143,0.461031222057302,0.8383093666171906,0,0,0,1073214.285714286,16.25,1072.0,3497.6225,-19.24629549074476,2021-01-01,2021-01
ANTIOQUIA,2021,2,203.661770692534,203.661770692534,2313.87,1752.93,1.3942035610722665,10768530.45442331,10.43428571428571,284,42.12857142857143,82.08285714285714,22.23964285714286,27.70392857142857,18.44607142857143,78.45964285714285,0.5971428571428571,15.98535714285714,0.1403571428571428,-0.2429464285714285,0.3887767282400206,0.8166330184720061,0,0,1,1113535.714285714,16.88,1273.64,3554.505,0.0,2021-02-01,2021-02
ANTIOQUIA,2021,3,174.4807546802022,193.175121253081,2313.87,1752.93,1.1944396274594116,10768530.45442331,7.068571428571429,284,32.85857142857143,74.98714285714286,22.01392857142857,27.44464285714286,18.42714285714285,77.06714285714285,0.5746428571428571,15.38535714285714,0.1089285714285714,-3.225892857142857,0.3552700175769247,0.8065810052730773,0,1,1,1156107.142857143,16.25,1128.007,3603.13,-18.69436657287883,2021-03-01,2021-03
ANTIOQUIA,2021,4,175.0267488785212,149.0208078238053,2313.87,1752.93,1.198177329694999,10768530.45442331,15.90714285714286,355,54.75714285714285,92.47285714285714,22.78428571428572,28.16171428571429,19.02285714285714,76.06457142857144,0.5785714285714285,16.814,0.1225714285714285,-2.657571428571428,0.3772303845520897,0.8131691153656269,0,1,1,1209342.857142857,15.38,1035.027,3660.336,26.00594105471586,2021-04-01,2021-04
ANTIOQUIA,2021,5,102.3620427457186,113.3294044684742,2313.87,1752.93,0.7007379147761879,10768530.45442331,2.662857142857143,284,21.21,71.11,23.92714285714286,30.09821428571429,19.33928571428572,68.91285714285715,0.5392857142857143,17.66642857142857,0.082142857142857,-5.759375,0.2371546455427459,0.7711463936628237,0,1,1,1387714.285714286,15.13,345.0,3736.075,-10.96736172275558,2021-05-01,2021-05
ANTIOQUIA,2021,6,177.844553719411,193.5430738649916,2313.87,1752.93,1.2174671234064862,10768530.45442331,10.92428571428571,284,35.00857142857143,56.21857142857144,22.77357142857143,28.89321428571429,18.5375,73.17035714285714,0.5389285714285714,16.7925,0.0964285714285713,-4.276071428571429,0.3394554400955587,0.8018366320286675,0,1,1,1417821.428571428,15.31,890.284,3680.635,-15.69852014558066,2021-06-01,2021-06
ANTIOQUIA,2021,7,247.2119296719306,222.4273538999761,2313.87,1752.93,1.692334066998207,10768530.45442331,9.034285714285714,355,39.18857142857143,84.44285714285715,23.85342857142857,30.58457142857143,18.84971428571428,65.34371428571428,0.524,18.31114285714286,0.0817142857142856,-3.844714285714286,0.2646435666408355,0.7793930699922507,0,1,1,1557857.142857143,14.81,1184.276,3822.534,24.78457577195445,2021-07-01,2021-07
ANTIOQUIA,2021,8,152.0475147927476,168.3383199491135,2313.87,1752.93,1.0408688182146295,10768530.45442331,13.09571428571429,284,38.25714285714285,67.2,23.20678571428571,29.47035714285714,18.81928571428572,69.69392857142857,0.5360714285714285,17.98892857142857,0.0774999999999999,-1.164910714285714,0.3417990993009011,0.8025397297902703,0,1,1,1700964.285714286,14.88,1130.973,3885.995,-16.29080515636585,2021-08-01,2021-08
ANTIOQUIA,2021,9,251.3056992154136,222.4273538999761,2313.87,1752.93,1.720358708325468,10768530.45442331,15.58857142857143,355,70.72999999999999,122.5571428571428,23.45457142857143,29.95628571428571,18.86571428571429,70.47657142857142,0.5648571428571428,18.90085714285714,0.0828571428571428,-1.448928571428572,0.3597574133416785,0.8079272240025036,0,1,1,1723100.0,15.88,1089.832,3818.934,28.87834531543751,2021-09-01,2021-09
ANTIOQUIA,2021,10,168.166213082252,186.184021626779,2313.87,1752.93,1.1512122885608802,10768530.45442331,21.21,284,77.73857142857143,134.8985714285714,21.91785714285714,26.91607142857143,18.72821428571429,83.17357142857144,0.6153571428571428,17.17464285714286,0.1017857142857143,-1.400803571428572,0.5094073296230647,0.8528221988869193,0,1,1,1782785.714285715,15.63,986.834,3771.41,-18.01780854452701,2021-10-01,2021-10
ANTIOQUIA,2021,11,194.2053885664308,208.0772020354616,2313.87,1752.93,1.3294681834398232,10768530.45442331,12.28714285714286,284,48.40571428571428,126.1442857142857,21.23392857142857,25.80321428571429,18.0225,83.41285714285715,0.6203571428571428,16.54285714285714,0.1710714285714285,-3.005982142857143,0.4493376736993215,0.8348013021097964,0,0,0,1997101.19047619,15.25,1135.451,3895.2825,-13.8718134690308,2021-11-01,2021-11
ANTIOQUIA,2021,12,281.0812933728544,254.8071837481116,2313.87,1752.93,1.9241929343865716,10768530.45442331,16.86857142857143,355,72.21857142857142,135.9214285714286,21.288,26.03485714285714,18.148,84.674,0.622,15.30142857142857,0.162,0.1189285714285718,0.4361059149780622,0.8308317744934186,0,0,0,2115742.857142857,15.75,1167.18,3966.816,26.27410962474272,2021-12-01,2021-12
ANTIOQUIA,2022,1,173.632146179967,192.2355904135348,2454.68,1789.27,1.164489291252636,14502232.05729942,12.35571428571428,284,57.54142857142858,114.4628571428571,21.24357142857143,26.40214285714286,17.70392857142857,81.07249999999999,0.6221428571428571,15.6875,0.1685714285714285,0.1241964285714286,0.4292400447627495,0.8287720134288248,0,0,0,2153767.857142857,15.5,1031.827,4001.5425,-18.60344423356784,2022-01-01,2022-01
ANTIOQUIA,2022,2,204.3847784844363,205.5237648660833,2454.68,1789.27,1.3707363012922789,14502232.05729942,17.71,284,56.00142857142858,113.5428571428571,21.61928571428571,27.18857142857143,17.78464285714286,79.78178571428572,0.6085714285714285,15.53392857142857,0.1714285714285714,1.575982142857143,0.4736180160715138,0.8420854048214541,0,0,0,2212119.047619048,15.63,983.233,3938.4075,-1.138986381647015,2022-02-01,2022-02
ANTIOQUIA,2022,3,226.3735433523439,202.4231908271553,2454.68,1789.27,1.518207157236262,14502232.05729942,38.55571428571429,355,136.3557142857143,217.81,21.06885714285714,25.41057142857143,18.29142857142857,87.65857142857143,0.7265714285714286,16.33914285714285,0.1691428571428571,2.816214285714286,0.6345499772216397,0.8903649931664919,1,0,0,1994971.428571429,17.25,1120.626,3806.814,23.95035252518861,2022-03-01,2022-03
ANTIOQUIA,2022,4,156.757593461193,166.1021806568561,2454.68,1789.27,1.051317644365756,14502232.05729942,36.28285714285714,284,142.7957142857143,253.6985714285714,20.93892857142857,24.70607142857143,18.37714285714286,89.29714285714286,0.8721428571428572,15.94428571428571,0.1453571428571428,2.897589285714286,0.6982299373223092,0.9094689811966928,1,0,0,2030119.047619048,17.63,848.0,3801.7925,-9.344587195663138,2022-04-01,2022-04
ANTIOQUIA,2022,5,203.4376643606294,225.2345569706969,2454.68,1789.27,1.3643843424008413,14502232.05729942,32.22142857142858,284,136.9185714285714,279.7142857142857,21.29035714285714,25.15607142857143,18.51678571428571,89.22142857142856,0.937142857142857,16.33142857142857,0.1546428571428571,1.630267857142857,0.7848033724795317,0.9354410117438594,1,0,0,2097571.428571429,17.13,944.263,4028.5875,-21.79689261006746,2022-05-01,2022-05
ANTIOQUIA,2022,6,245.3725543148067,210.6175650728936,2454.68,1789.27,1.645626792925428,14502232.05729942,43.65285714285714,355,165.9757142857143,339.8,20.62285714285714,24.35028571428571,17.974,90.51571428571428,0.9537142857142856,15.48342857142857,0.1325714285714285,1.596928571428571,0.746829564191539,0.9240488692574615,1,0,0,2177485.714285715,17.38,939.0,3951.326,34.75498924191317,2022-06-01,2022-06
ANTIOQUIA,2022,7,188.7547900174369,208.9785175193052,2454.68,1789.27,1.265911505926575,14502232.05729942,34.15571428571429,284,110.3685714285714,239.4385714285714,21.08678571428571,25.015,18.03607142857143,88.18357142857143,0.9153571428571428,17.09642857142857,0.1760714285714285,3.384375,0.7424383474415046,0.9227315042324512,1,0,0,2248178.571428572,17.38,1020.512,4387.6125,-20.22372750186827,2022-07-01,2022-07
ANTIOQUIA,2022,8,189.8351459963002,210.1746259244753,2454.68,1789.27,1.273157070735888,14502232.05729942,23.69428571428571,284,144.1,254.4685714285714,20.98428571428571,25.03142857142857,18.13,87.58999999999999,0.9425,18.12142857142857,0.1567857142857143,1.484732142857143,0.7473734760337956,0.9242120428101386,1,0,0,2296321.428571429,17.44,872.0,4315.08,-20.33947992817508,2022-08-01,2022-08
ANTIOQUIA,2022,9,217.7331681668388,184.705624890424,2454.68,1789.27,1.460259221918473,14502232.05729942,33.88857142857143,355,118.5214285714286,281.3885714285714,20.80914285714286,24.916,17.91571428571428,89.02342857142858,0.8879999999999999,17.53828571428571,0.1351428571428571,2.211071428571429,0.717524108025019,0.9152572324075056,1,0,0,2409257.142857143,18.06,816.0,4438.996,33.02754327641483,2022-09-01,2022-09
ANTIOQUIA,2022,10,177.6328868753579,196.6649818977176,2454.68,1789.27,1.191320841742328,14502232.05729942,35.35428571428571,284,123.3357142857143,223.09,20.33392857142857,23.85571428571428,17.965,91.64214285714286,0.93,16.44892857142857,0.1246428571428571,2.135267857142857,0.7339543710627847,0.9201863113188352,1,0,0,2270857.142857143,18.06,944.0,4716.65,-19.03209502235975,2022-10-01,2022-10
ANTIOQUIA,2022,11,217.6260054696409,234.75774866169,2454.68,1789.27,1.4595405196732136,14502232.05729942,30.15142857142857,284,139.0457142857143,262.3814285714286,20.3,23.87035714285714,17.79535714285714,91.52535714285716,0.9775,15.38392857142857,0.1274999999999999,1.460089285714286,0.7031807932458127,0.9109542379737438,1,0,0,1997750.0,18.5,853.0,4931.7075,-17.13174319204913,2022-11-01,2022-11
ANTIOQUIA,2022,12,245.7447010103312,217.2616522991678,2454.68,1789.27,1.6481226489707952,14502232.05729942,13.93,355,86.96857142857142,255.8528571428571,19.84314285714286,23.93571428571429,16.842,89.34714285714286,0.9222857142857144,15.54485714285714,0.1737142857142857,-0.4687857142857144,0.5553662845070615,0.8666098853521185,1,0,0,1937114.285714286,19.75,1035.0,4793.856,28.48304871116338,2022-12-01,2022-12
ANTIOQUIA,2023,1,140.2036676598433,155.2254891948265,2029.31,1703.3,0.987755540373463,11143094.64744758,21.69285714285714,284,78.17,135.3,19.80571428571428,24.11964285714286,16.71714285714286,88.00285714285715,0.8789285714285714,16.31285714285714,0.1978571428571428,2.458482142857143,0.6038555020350236,0.8811566506105071,0,0,0,1823607.142857143,22.38,832.373,4720.7275,-15.02182153498319,2023-01-01,2023-01
ANTIOQUIA,2023,2,180.223537446495,183.3019889685451,2029.31,1703.3,1.2697014321364055,11143094.64744758,7.097142857142857,284,35.03285714285714,113.2028571428571,20.67357142857143,25.41571428571429,17.42892857142857,85.11214285714286,0.7632142857142857,17.27285714285714,0.2032142857142857,-1.077232142857143,0.5071480681755028,0.8521444204526508,0,0,0,2066000.0,21.75,929.255,4786.075,-3.078451522050131,2023-02-01,2023-02
ANTIOQUIA,2023,3,162.7254494468007,142.8861357910903,2029.31,1703.3,1.1464248185061987,11143094.64744758,41.02142857142857,355,143.2657142857143,189.8785714285714,20.77314285714285,24.79171428571429,18.012,88.29542857142857,0.8125714285714285,15.108,0.1685714285714285,3.309357142857143,0.6342573170902105,0.8902771951270629,1,0,0,1993171.428571429,20.88,906.561,4763.01,19.83931365571047,2023-03-01,2023-03
ANTIOQUIA,2023,4,94.44840221140144,101.194716655073,2029.31,1703.3,0.6654029393159263,11143094.64744758,27.13285714285714,284,100.25,231.9357142857143,21.30428571428571,25.57214285714286,18.24964285714286,88.21214285714287,0.8739285714285714,15.54857142857143,0.1389285714285714,0.6100892857142861,0.7057644994029869,0.911729349820896,0,0,0,1985821.428571428,17.75,723.151,4535.2875,-6.746314443671523,2023-04-01,2023-04
ANTIOQUIA,2023,5,130.220699026111,144.1729167789086,2029.31,1703.3,0.9174240523180484,11143094.64744758,25.24428571428571,284,83.27857142857144,183.5285714285714,22.06714285714286,25.87392857142857,19.11178571428572,87.37892857142856,0.8260714285714286,17.75178571428572,0.1660714285714285,-0.1140178571428576,0.6728765250040293,0.9018629575012088,0,0,0,1909642.857142857,17.38,845.853,4550.385,-13.95221775279759,2023-05-01,2023-05
ANTIOQUIA,2023,6,195.8408632973523,170.9626355648089,2029.31,1703.3,1.379727798724962,11143094.64744758,25.35,355,135.1571428571428,249.7328571428571,21.74885714285714,25.63057142857143,18.40257142857143,86.13114285714286,0.8362857142857143,18.63742857142858,0.1557142857142857,-2.063642857142857,0.7064615180932822,0.9119384554279848,1,0,0,1581771.428571428,15.88,753.422,4227.576,24.87822773254345,2023-06-01,2023-06
ANTIOQUIA,2023,7,152.9641397164419,169.3531546860607,2029.31,1703.3,1.077654950153997,11143094.64744758,17.67428571428572,284,79.21142857142857,183.0714285714286,21.98178571428571,25.6675,18.71214285714286,84.83321428571429,0.7532142857142857,19.26928571428572,0.2028571428571428,-0.7359821428571428,0.6273014563401552,0.8881904369020465,0,0,0,1315964.285714286,15.63,851.998,4066.7,-16.38901496961878,2023-07-01,2023-07
ANTIOQUIA,2023,8,176.5865886425566,155.9408140298257,2029.31,1703.3,1.24407859080061,11143094.64744758,17.44857142857143,355,60.34571428571429,149.2857142857143,22.914,27.782,18.98857142857143,77.862,0.6220000000000001,19.216,0.1757142857142857,-0.8610714285714286,0.4586573490792311,0.8375972047237692,0,0,1,1316914.285714286,17.0,816.755,4066.912,20.64577461273097,2023-08-01,2023-08
ANTIOQUIA,2023,9,143.3220136329599,151.8276962285803,2029.31,1703.3,1.0097247481920502,11143094.64744758,12.93714285714286,284,60.00428571428571,110.6214285714286,23.96571428571428,29.84321428571429,19.81214285714286,74.62428571428572,0.5810714285714286,20.1925,0.1485714285714285,-1.474375,0.3715127656032913,0.8114538296809873,0,1,1,1283328.869047619,18.0,840.002,3998.6925,-8.505682595620414,2023-09-01,2023-09
ANTIOQUIA,2023,10,186.9584367626535,206.9896978443664,2029.31,1703.3,1.31714979225729,11143094.64744758,21.81571428571429,284,80.49285714285713,140.4971428571428,21.80785714285714,25.95071428571428,19.08678571428572,86.17357142857142,0.6285714285714286,15.71714285714286,0.1603571428571428,-1.249375,0.5039726375567543,0.8511917912670263,0,1,1,1383750.0,20.38,908.637,4237.865,-20.0312610817129,2023-10-01,2023-10
ANTIOQUIA,2023,11,263.7484737674489,229.2806795831586,2029.31,1703.3,1.8581469413546567,11143094.64744758,25.16142857142858,355,112.8257142857143,215.8071428571428,21.462,25.24457142857143,18.71228571428571,88.72542857142858,0.7111428571428571,17.33542857142857,0.1794285714285714,-0.4795714285714284,0.574093778687002,0.8722281336061005,1,0,0,1410619.047619048,18.75,1104.61,4038.776,34.46779418429034,2023-11-01,2023-11
ANTIOQUIA,2023,12,197.060454544941,218.1740746747561,2029.31,1703.3,1.3883199991424249,11143094.64744758,13.54714285714286,284,46.79285714285714,137.13,22.06321428571429,26.16607142857143,19.09678571428572,85.19392857142857,0.6392857142857142,15.88964285714286,0.2142857142857142,0.1303571428571428,0.4528823918100019,0.8358647175430005,0,0,0,1467000.0,20.0,1066.685,3942.2475,-21.1136201298151,2023-12-01,2023-12
ANTIOQUIA,2024,1,131.2689861566678,145.3335203877394,2121.27,1440.21,1.093748712951593,16061885.36132928,1.445714285714286,284,25.27857142857142,72.07142857142857,24.28678571428571,30.62285714285714,19.51571428571429,67.32035714285715,0.5682142857142858,20.26714285714286,0.2135714285714286,-2.603303571428571,0.2717148104964083,0.7815144431489225,0,1,1,1417678.571428571,21.0,937.134,3914.335,-14.06453423107158,2024-01-01,2024-01
ANTIOQUIA,2024,2,172.3949048851673,145.6366142780162,2121.27,1440.21,1.436414730228236,16061885.36132928,12.62714285714286,355,40.79428571428571,73.2,23.98885714285714,30.35685714285714,19.62685714285714,72.90799999999999,0.542,17.81228571428571,0.124,-0.8407142857142855,0.2836206743252142,0.7850862022975642,0,1,1,1455914.285714286,26.0,1045.063,3930.926,26.75829060715108,2024-02-01,2024-02
ANTIOQUIA,2024,3,118.4750595100756,131.1688158861552,2121.27,1440.21,0.9871482034709572,16061885.36132928,7.958571428571428,284,29.53428571428571,63.20142857142857,24.88178571428572,31.3525,20.67464285714286,71.41714285714286,0.5264285714285715,16.75821428571428,0.1082142857142857,-2.772857142857143,0.1920809633271127,0.7576242889981337,0,1,1,1441214.285714286,26.25,1005.461,3895.665,-12.69375637607952,2024-03-01,2024-03
ANTIOQUIA,2024,4,104.9513110731899,112.4478332927035,2121.27,1440.21,0.874466732544753,16061885.36132928,20.49714285714286,284,60.16999999999999,89.7042857142857,23.475,28.78857142857143,20.02964285714286,78.98464285714286,0.5732142857142857,16.73571428571428,0.1371428571428571,-1.048839285714285,0.3877756331857534,0.8163326899557259,0,1,1,1659785.714285714,24.75,791.794,3865.705,-7.496522219513565,2024-04-01,2024-04
ANTIOQUIA,2024,5,189.0699687546858,169.7325785550241,2121.27,1440.21,1.5753533339278505,16061885.36132928,54.38142857142857,355,185.7114285714286,268.5385714285715,22.19885714285714,25.88914285714286,19.52971428571428,90.08571428571427,0.7805714285714286,16.46657142857143,0.1422857142857143,4.053142857142857,0.725224414388447,0.917567324316534,1,1,0,1607542.857142857,22.5,935.22,3870.384,19.33739019966168,2024-05-01,2024-05
ANTIOQUIA,2024,6,165.7721517220736,177.6130197022217,2121.27,1440.21,1.381233167846969,16061885.36132928,49.50857142857143,284,187.6014285714286,350.6557142857143,21.55214285714286,25.14142857142857,19.03857142857143,90.58785714285716,0.9396428571428572,16.69142857142857,0.1207142857142856,5.563928571428571,0.8407760914088144,0.9522328274226444,1,0,0,1825392.857142857,23.88,1023.959,4055.79,-11.84086798014809,2024-06-01,2024-06
ANTIOQUIA,2024,7,158.6292963232457,175.6252923578792,2121.27,1440.21,1.3217180521444432,16061885.36132928,23.13714285714286,284,147.6857142857143,335.2871428571429,21.8225,25.69285714285714,18.64607142857143,87.36107142857144,0.9342857142857144,19.19642857142857,0.1246428571428571,0.6297321428571431,0.7683482305927406,0.930504469177822,1,0,0,1879714.285714286,25.25,1019.355,4035.035,-16.99599603463349,2024-07-01,2024-07
ANTIOQUIA,2024,8,181.3801465043645,158.9727454501967,2121.27,1440.21,1.5112808257492822,16061885.36132928,25.71571428571428,355,95.27428571428572,255.7785714285714,21.91171428571429,25.95628571428571,18.73028571428572,86.41885714285715,0.8211428571428572,19.60742857142857,0.1594285714285714,0.792357142857143,0.7000706285214455,0.9100211885564335,0,0,0,1937142.857142857,25.38,1029.58,4067.31,22.40740105416776,2024-08-01,2024-08
ANTIOQUIA,2024,9,151.5193405469603,162.3421505860289,2121.27,1440.21,1.2624770599867543,16061885.36132928,19.98571428571429,284,77.91285714285715,160.3685714285714,22.25357142857143,26.37464285714286,19.12285714285714,85.97,0.7421428571428572,19.29678571428571,0.1592857142857143,0.2877678571428577,0.6007717300996123,0.8802315190298836,0,0,0,2118607.142857143,26.25,998.341,4183.9575,-10.8228100390686,2024-09-01,2024-09
ANTIOQUIA,2024,10,235.0498787804237,202.9448505377659,2121.27,1440.21,1.958463380593861,16061885.36132928,32.55714285714286,355,127.1685714285715,228.0757142857143,21.45428571428571,25.148,18.73971428571429,88.932,0.7671428571428571,17.75257142857143,0.1788571428571428,0.0866428571428571,0.6753011518726005,0.90259034556178,1,0,0,2175914.285714285,28.5,1039.068,4261.012000000001,32.10502824265774,2024-10-01,2024-10
ANTIOQUIA,2024,11,249.0334589027893,266.9362322312342,2121.27,1440.21,2.074976223490652,16061885.36132928,30.10142857142857,284,123.6342857142857,227.8085714285714,20.64321428571429,23.90785714285715,18.38142857142857,92.53678571428571,0.8707142857142857,15.30535714285714,0.1410714285714285,1.963214285714286,0.6720150669750408,0.9016045200925122,1,0,0,2498035.714285715,21.38,1193.949,4408.6275,-17.90277332844491,2024-11-01,2024-11
ANTIOQUIA,2024,12,246.1437970509994,272.5163467350351,2121.27,1440.21,2.0508992192888487,16061885.36132928,16.60857142857143,284,64.67571428571429,188.31,20.88285714285714,24.66464285714286,18.32428571428571,90.41071428571428,0.8407142857142856,15.14214285714286,0.17,0.8957142857142858,0.5923839407687439,0.8777151822306232,0,0,0,2765107.142857143,28.13,1303.939,4382.46,-26.37254968403565,2024-12-01,2024-12
CALDAS,2021,1,217.5634528978909,240.8738228512364,2802.47,2571.07,1.0154377106709231,10768530.45442331,11.96714285714286,284,48.8142857142857,54.21095238095237,16.52214285714286,21.77571428571429,12.50714285714286,84.08785714285713,0.7685714285714287,17.5025,0.3242857142857143,-1.027089285714286,0.4904512864415079,0.8471353859324523,0,0,1,1073214.285714286,16.25,1072.0,3497.6225,-23.31036995334554,2021-01-01,2021-01
CALDAS,2021,2,246.6672727995548,246.6672727995547,2802.47,2571.07,1.1512744785613216,10768530.45442331,13.08571428571429,284,48.87,97.6842857142857,16.82071428571429,21.38035714285714,13.50892857142857,85.88285714285715,0.7424999999999999,15.48,0.35,-1.034107142857143,0.4448036699159913,0.8334411009747973,0,0,1,1113535.714285714,16.88,1273.64,3554.505,5.684341886080802e-14,2021-02-01,2021-02
CALDAS,2021,3,211.3243529535481,233.9662479128568,2802.47,2571.07,0.986317850327909,10768530.45442331,14.83285714285714,284,56.82428571428571,105.6942857142857,15.93785714285714,20.42857142857143,12.7575,86.25714285714287,0.7474999999999999,14.0675,0.3075,-1.716160714285714,0.4300138034292187,0.8290041410287656,0,0,0,1156107.142857143,16.25,1128.007,3603.13,-22.64189495930873,2021-03-01,2021-03
CALDAS,2021,4,211.9856400444231,180.4882483899181,2802.47,2571.07,0.9894042871384586,10768530.45442331,26.45,355,96.54714285714286,167.66,16.524,21.19171428571429,13.10142857142857,86.32514285714286,0.7797142857142857,15.93914285714286,0.2622857142857143,-2.274142857142857,0.5438379620357902,0.863151388610737,0,0,0,1209342.857142857,15.38,1035.027,3660.336,31.49739165450504,2021-04-01,2021-04
CALDAS,2021,5,123.9769537327482,137.2601987755426,2802.47,2571.07,0.5786398055257065,10768530.45442331,7.319999999999999,284,41.59428571428572,123.8528571428571,16.74392857142857,21.6375,13.055,84.85142857142857,0.7428571428571429,16.93857142857143,0.2542857142857142,-4.509285714285714,0.4270934930675886,0.8281280479202765,0,0,1,1387714.285714286,15.13,345.0,3736.075,-13.28324504279445,2021-05-01,2021-05
CALDAS,2021,6,215.3984564655913,234.4118979088813,2802.47,2571.07,1.0053329849389925,10768530.45442331,26.26857142857143,284,81.73142857142858,123.3257142857143,15.90071428571429,20.57857142857143,12.24607142857143,86.74785714285714,0.7535714285714286,15.86642857142857,0.2514285714285714,-0.3559821428571425,0.5174205470451003,0.85522616411353,0,1,1,1417821.428571428,15.31,890.284,3680.635,-19.01344144328999,2021-06-01,2021-06
CALDAS,2021,7,299.4135437806339,269.3954225968037,2802.47,2571.07,1.3974580720741197,10768530.45442331,7.655714285714286,355,60.97857142857143,165.8414285714286,16.058,21.43571428571429,11.66457142857143,82.09457142857143,0.7165714285714285,16.61314285714285,0.2865714285714286,-3.313357142857143,0.3872174949384162,0.8161652484815247,0,1,1,1557857.142857143,14.81,1184.276,3822.534,30.0181211838302,2021-07-01,2021-07
CALDAS,2021,8,184.1540790023776,203.8848731812038,2802.47,2571.07,0.8595055552857491,10768530.45442331,8.298571428571428,284,30.66714285714286,68.51428571428572,16.39071428571429,21.68107142857143,12.45392857142857,81.59642857142856,0.6675000000000001,16.59678571428572,0.2928571428571428,-1.712232142857143,0.363720213501466,0.8091160640504398,0,1,1,1700964.285714286,14.88,1130.973,3885.995,-19.73079417882616,2021-08-01,2021-08
CALDAS,2021,9,304.3717593815643,269.3954225968037,2802.47,2571.07,1.4205996385080029,10768530.45442331,14.37285714285714,355,55.29,96.69285714285716,16.50114285714286,22.24171428571429,12.208,80.41485714285714,0.6585714285714286,17.89885714285714,0.2871428571428571,-0.6018571428571428,0.3946403543124775,0.8183921062937431,0,1,1,1723100.0,15.88,1089.832,3818.934,34.97633678476063,2021-09-01,2021-09
CALDAS,2021,10,203.6764239895149,225.4988979883915,2802.47,2571.07,0.9506225376493748,10768530.45442331,9.714285714285715,284,41.44571428571429,86.0,16.78892857142857,21.61214285714286,13.55285714285714,84.83214285714286,0.6528571428571428,16.30392857142857,0.2903571428571428,-3.779821428571429,0.3303234135744996,0.7990970240723498,0,1,1,1782785.714285715,15.63,986.834,3771.41,-21.8224739988766,2021-10-01,2021-10
CALDAS,2021,11,235.2140679017253,252.0150727518486,2802.47,2571.07,1.0978187349316444,10768530.45442331,12.07142857142857,284,36.73571428571429,78.18142857142857,16.4025,20.88642857142857,13.32928571428572,86.36857142857143,0.6539285714285714,15.8475,0.3071428571428571,-3.695089285714286,0.3501530845315999,0.8050459253594799,0,1,1,1997101.19047619,15.25,1135.451,3895.2825,-16.80100485012326,2021-11-01,2021-11
CALDAS,2021,12,338.2453866342674,308.6126222469587,2802.47,2571.07,1.5786986117107695,10768530.45442331,23.95714285714286,355,87.27571428571429,141.3885714285714,16.35257142857143,20.56342857142857,13.38542857142857,88.99685714285715,0.696,14.94542857142857,0.2651428571428572,0.3675714285714285,0.4423067847365445,0.8326920354209634,0,1,0,2115742.857142857,15.75,1167.18,3966.816,29.63276438730873,2021-12-01,2021-12
CALDAS,2022,1,179.6446335205967,198.8922728263749,2539.68,2487.43,0.8666517659782026,14502232.05729942,13.29,284,67.32428571428571,137.2228571428572,16.09178571428571,20.8825,12.58178571428572,86.72821428571427,0.7264285714285714,15.48214285714286,0.3117857142857143,-0.6963750000000002,0.4146367414463966,0.8243910224339189,0,1,0,2153767.857142857,15.5,1031.827,4001.5425,-19.24763930577822,2022-01-01,2022-01
CALDAS,2022,2,211.4621597199444,212.6405866162165,2539.68,2487.43,1.0201476691361495,14502232.05729942,26.16428571428571,284,81.82,149.1442857142857,16.16285714285714,20.60071428571429,13.10892857142857,88.08107142857143,0.7567857142857144,14.88142857142857,0.3049999999999999,2.235535714285715,0.5434468560331344,0.8630340568099403,0,1,0,2212119.047619048,15.63,983.233,3938.4075,-1.178426896272072,2022-02-01,2022-02
CALDAS,2022,3,234.212345634087,209.4326467319202,2539.68,2487.43,1.1299003982459983,14502232.05729942,42.37714285714286,355,157.68,274.9614285714285,16.27428571428571,20.74028571428572,13.21,87.99028571428572,0.8594285714285714,15.35028571428571,0.2845714285714285,2.712428571428572,0.6783770719285528,0.9035131215785658,1,0,0,1994971.428571429,17.25,1120.626,3806.814,24.77969890216684,2022-03-01,2022-03
CALDAS,2022,4,162.1857533208087,171.8539223730199,2539.68,2487.43,0.7824256521187347,14502232.05729942,41.06142857142857,284,168.0485714285714,290.2671428571429,16.2725,20.92107142857143,12.88571428571428,87.9625,0.9517857142857142,15.25678571428572,0.2707142857142856,2.589553571428572,0.7600332740521252,0.9280099822156376,1,0,0,2030119.047619048,17.63,848.0,3801.7925,-9.66816905221117,2022-04-01,2022-04
CALDAS,2022,5,210.4822491825425,233.0339187378149,2539.68,2487.43,1.0154203294928943,14502232.05729942,28.91857142857143,284,128.8357142857143,296.8842857142857,16.33178571428572,20.97071428571429,12.89392857142857,88.15357142857142,0.9528571428571428,15.53071428571429,0.2582142857142857,0.8903571428571431,0.7378670764346,0.92136012293038,1,0,0,2097571.428571429,17.13,944.263,4028.5875,-22.55166955527238,2022-05-01,2022-05
CALDAS,2022,6,253.8692492472454,217.9107735689892,2539.68,2487.43,1.224730340539008,14502232.05729942,32.19428571428571,355,130.6914285714286,289.3171428571429,15.63571428571429,20.06628571428572,12.36571428571429,89.02714285714285,0.9397142857142856,14.45942857142857,0.2428571428571428,-0.2580714285714286,0.6501282182923442,0.8950384654877033,1,0,0,2177485.714285715,17.38,939.0,3951.326,35.95847567825621,2022-06-01,2022-06
CALDAS,2022,7,195.290940208697,216.2149695167716,2539.68,2487.43,0.9421335605441618,14502232.05729942,31.55142857142857,284,99.51714285714286,200.4185714285715,15.84642857142857,20.72964285714286,12.04178571428571,86.91285714285715,0.9035714285714286,15.70428571428571,0.2546428571428572,3.280267857142857,0.6841193378474321,0.9052358013542297,1,0,0,2248178.571428572,17.38,1020.512,4387.6125,-20.92402930807464,2022-07-01,2022-07
CALDAS,2022,8,196.4087064643391,217.4524964426611,2539.68,2487.43,0.9475259515130352,14502232.05729942,20.33,284,124.8785714285714,224.3957142857143,15.80607142857143,21.04571428571428,11.73107142857143,85.37035714285715,0.9182142857142858,17.015,0.2746428571428571,1.295625,0.653872788006358,0.8961618364019074,1,0,0,2296321.428571429,17.44,872.0,4315.08,-21.043789978322,2022-08-01,2022-08
CALDAS,2022,9,225.2727738564527,191.101561678798,2539.68,2487.43,1.0867736122332818,14502232.05729942,24.33714285714286,355,79.89142857142858,220.6842857142857,15.88657142857143,20.89142857142857,12.28457142857143,86.34714285714286,0.844,17.14714285714286,0.2871428571428571,1.391,0.5948347216040519,0.8784504164812155,0,0,0,2409257.142857143,18.06,816.0,4438.996,34.17121217765467,2022-09-01,2022-09
CALDAS,2022,10,183.7839107906566,203.4750440896555,2539.68,2487.43,0.8866207006781615,14502232.05729942,39.57428571428571,284,136.8757142857143,200.8528571428571,15.87964285714286,20.03892857142857,13.00392857142857,89.9725,0.9167857142857144,15.92892857142857,0.3135714285714286,3.685178571428572,0.7182589585467956,0.9154776875640386,1,0,0,2270857.142857143,18.06,944.0,4716.65,-19.69113329899892,2022-10-01,2022-10
CALDAS,2022,11,225.1619003581476,242.886876953868,2539.68,2487.43,1.086238730053819,14502232.05729942,36.45285714285714,284,154.0185714285714,290.8942857142857,15.80178571428571,19.8725,13.01642857142857,90.63892857142858,0.9728571428571428,15.13107142857143,0.2892857142857143,2.400267857142857,0.7244706457272587,0.9173411937181776,1,0,0,1997750.0,18.5,853.0,4931.7075,-17.72497659572048,2022-11-01,2022-11
CALDAS,2022,12,254.5491942858753,224.78493046391,2539.68,2487.43,1.2280105697167372,14502232.05729942,22.30285714285714,355,111.6942857142857,304.6414285714286,15.55457142857143,19.902,12.46,89.40828571428571,0.948,15.52,0.2748571428571428,0.0367142857142853,0.6188021039366062,0.8856406311809819,1,0,0,1937114.285714286,19.75,1035.0,4793.856,29.7642638219653,2022-12-01,2022-12
CALDAS,2023,1,153.3161315441988,169.7428599239344,2219.1,2332.1,0.7888999522020436,11143094.64744758,32.05714285714286,284,118.3742857142857,191.14,15.24214285714286,19.52714285714286,12.20357142857143,88.72357142857143,0.9596428571428572,15.60607142857143,0.2671428571428571,3.995410714285714,0.654513548690507,0.8963540646071521,1,0,0,1823607.142857143,22.38,832.373,4720.7275,-16.42672837973561,2023-01-01,2023-01
CALDAS,2023,2,197.078835637491,200.4451974908212,2219.1,2332.1,1.0140843135585489,11143094.64744758,12.14857142857143,284,62.67142857142858,181.0457142857143,15.86571428571429,20.80607142857143,12.29178571428572,86.87035714285715,0.8946428571428571,17.01607142857143,0.2671428571428571,-1.268392857142857,0.5900014728315528,0.8770004418494657,1,0,0,2066000.0,21.75,929.255,4786.075,-3.366361853330176,2023-02-01,2023-02
CALDAS,2023,3,177.9442494578923,156.249475897723,2219.1,2332.1,0.9156258280068212,11143094.64744758,40.34714285714286,355,139.5657142857143,218.2557142857143,16.14371428571429,20.47028571428572,13.24542857142857,88.536,0.9254285714285712,14.20971428571428,0.2788571428571428,2.306428571428571,0.6992508253872407,0.909775247616172,1,0,0,1993171.428571429,20.88,906.561,4763.01,21.69477356016927,2023-03-01,2023-03
CALDAS,2023,4,103.2816323515485,110.6588918052306,2219.1,2332.1,0.5314435865608601,11143094.64744758,25.81,284,111.3571428571429,234.9042857142857,16.41714285714286,21.16785714285714,13.03642857142857,87.42964285714287,0.9482142857142856,14.94571428571428,0.2925,-1.223303571428571,0.7370017994187291,0.9211005398256188,1,0,0,1985821.428571428,17.75,723.151,4535.2875,-7.377259453682029,2023-04-01,2023-04
CALDAS,2023,5,142.3995117595848,157.6566023052546,2219.1,2332.1,0.7327276450902696,11143094.64744758,17.82285714285714,284,70.44142857142857,181.7985714285714,17.00178571428571,21.685,13.46571428571429,87.31928571428571,0.885,16.84964285714286,0.2642857142857143,-1.883571428571428,0.6135376033677138,0.8840612810103141,0,0,1,1909642.857142857,17.38,845.853,4550.385,-15.2570905456698,2023-05-01,2023-05
CALDAS,2023,6,214.1567625168922,186.9518134646098,2219.1,2332.1,1.1019601004256705,11143094.64744758,22.78,355,103.7828571428571,197.6428571428571,16.37657142857143,21.40257142857143,12.352,85.31171428571429,0.8585714285714285,17.67028571428571,0.3102857142857143,-2.140928571428572,0.6538269786790846,0.8961480936037253,0,0,0,1581771.428571428,15.88,753.422,4227.576,27.20494905228242,2023-06-01,2023-06
CALDAS,2023,7,167.2700190925764,185.1918068524953,2219.1,2332.1,0.8607007543033819,11143094.64744758,16.92142857142857,284,70.72285714285715,151.0871428571429,16.59214285714286,21.35714285714286,12.84642857142857,85.16071428571429,0.8121428571428572,16.60464285714286,0.2871428571428571,-0.377232142857143,0.5726931862321313,0.8718079558696393,0,0,0,1315964.285714286,15.63,851.998,4066.7,-17.92178775991889,2023-07-01,2023-07
CALDAS,2023,8,193.1017433791276,170.5250850848742,2219.1,2332.1,0.9936198793145796,11143094.64744758,21.87428571428571,355,72.81428571428572,153.3885714285714,16.53771428571429,21.638,12.37742857142857,83.56285714285714,0.7542857142857142,18.056,0.3225714285714285,0.6917857142857142,0.5315029223077422,0.8594508766923227,0,0,1,1316914.285714286,17.0,816.755,4066.912,22.57665829425335,2023-08-01,2023-08
CALDAS,2023,9,156.7261189531916,166.0272904094704,2219.1,2332.1,0.8064463048060971,11143094.64744758,10.61142857142857,284,60.43285714285715,123.3957142857143,17.15678571428571,22.59071428571428,12.71035714285714,82.27678571428572,0.7196428571428571,18.35428571428572,0.2960714285714285,-0.8757142857142856,0.4124712307325255,0.8237413692197576,0,1,1,1283328.869047619,18.0,840.002,3998.6925,-9.301171456278835,2023-09-01,2023-09
CALDAS,2023,10,204.4436123707095,226.3482851247141,2219.1,2332.1,1.0519803389428044,11143094.64744758,26.18,284,93.34,153.7728571428572,16.585,21.0475,13.30821428571429,88.1275,0.7578571428571428,16.36678571428572,0.3178571428571428,0.3366071428571428,0.5566360277007836,0.866990808310235,0,1,1,1383750.0,20.38,908.637,4237.865,-21.90467275400459,2023-10-01,2023-10
CALDAS,2023,11,288.4153915061503,250.7240175542362,2219.1,2332.1,1.484063589929164,11143094.64744758,31.10285714285714,355,134.2585714285714,252.6414285714286,16.59657142857143,21.09857142857143,13.26485714285714,88.00028571428571,0.8362857142857143,16.42771428571428,0.282,-0.0170000000000001,0.619353839936727,0.8858061519810182,1,0,0,1410619.047619048,18.75,1104.61,4038.776,37.69137395191404,2023-11-01,2023-11
CALDAS,2023,12,215.4904153040583,238.578674086636,2219.1,2332.1,1.108822513463702,11143094.64744758,16.19571428571428,284,55.02142857142857,164.2371428571429,16.94571428571428,20.88,14.0325,89.58857142857143,0.8160714285714286,14.41464285714286,0.2935714285714285,-0.3968750000000003,0.5114571086632068,0.853437132598962,0,0,0,1467000.0,20.0,1066.685,3942.2475,-23.0882587825777,2023-12-01,2023-12
CALDAS,2024,1,171.1267323623127,189.4617394011319,2765.36,2351.82,0.8731623969299319,16061885.36132928,3.311428571428571,284,38.79285714285714,93.81428571428572,17.39892857142857,22.76964285714286,13.18142857142857,82.51107142857143,0.7728571428571429,20.2825,0.3214285714285713,-3.191017857142857,0.4283803797119839,0.8285141139135952,0,0,1,1417678.571428571,21.0,937.134,3914.335,-18.33500703881924,2024-01-01,2024-01
CALDAS,2024,2,224.7398842076899,189.8568629452427,2765.36,2351.82,1.1467198214541412,16061885.36132928,20.57571428571429,355,68.11714285714285,118.8385714285714,17.74457142857143,22.79028571428571,14.228,85.52742857142857,0.728,16.50714285714286,0.2737142857142857,-0.6678571428571429,0.3708071985187584,0.8112421595556274,0,1,1,1455914.285714286,26.0,1045.063,3930.926,34.88302126244716,2024-02-01,2024-02
CALDAS,2024,3,154.448132753861,170.996146977489,2765.36,2351.82,0.7880609881055233,16061885.36132928,9.96857142857143,284,36.76285714285714,92.95142857142858,18.29321428571428,23.51357142857143,14.7,83.355,0.6839285714285714,15.69642857142857,0.2657142857142857,-3.038392857142857,0.2108583502146875,0.7632575050644061,0,1,1,1441214.285714286,26.25,1005.461,3895.665,-16.548014223628,2024-03-01,2024-03
CALDAS,2024,4,136.8181125407687,146.5908348651093,2765.36,2351.82,0.698105021000427,16061885.36132928,34.14,284,99.14428571428572,135.9071428571428,17.52428571428571,22.14285714285714,14.22071428571429,86.69107142857143,0.7382142857142857,16.42214285714286,0.2746428571428571,0.8591964285714284,0.4958490627911007,0.8487547188373301,1,1,1,1659785.714285714,24.75,791.794,3865.705,-9.772722324340634,2024-04-01,2024-04
CALDAS,2024,5,246.4780668163213,221.2691847020518,2765.36,2351.82,1.2576374049867147,16061885.36132928,54.19,355,230.8042857142857,366.4242857142857,17.368,21.61428571428571,14.27542857142857,89.25228571428572,0.9177142857142856,15.67085714285714,0.2317142857142857,4.580071428571428,0.6932409509832832,0.907972285294985,1,0,1,1607542.857142857,22.5,935.22,3870.384,25.2088821142695,2024-05-01,2024-05
CALDAS,2024,6,216.1062370590039,231.5423968489328,2765.36,2351.82,1.1026672299359843,16061885.36132928,44.94571428571429,284,146.6757142857143,341.0042857142857,16.62285714285714,20.98321428571429,13.38178571428571,89.37464285714286,0.9521428571428572,15.35857142857143,0.2328571428571428,4.348392857142857,0.8045294441248829,0.9413588332374648,1,0,1,1825392.857142857,23.88,1023.959,4055.79,-15.43615978992887,2024-06-01,2024-06
CALDAS,2024,7,206.794566877602,228.9511276144879,2765.36,2351.82,1.055155072467801,16061885.36132928,18.52,284,138.1642857142857,284.84,16.54035714285714,21.39428571428572,12.66321428571428,85.96214285714285,0.935,17.1825,0.275,0.0224107142857143,0.6938120167192183,0.9081436050157654,1,0,0,1879714.285714286,25.25,1019.355,4035.035,-22.15656073688595,2024-07-01,2024-07
CALDAS,2024,8,236.453351971842,207.2422988861182,2765.36,2351.82,1.2064869861052734,16061885.36132928,16.09571428571429,355,63.55285714285715,210.0171428571429,16.46457142857143,21.682,12.22314285714286,84.21742857142857,0.8157142857142856,18.32914285714286,0.2979999999999999,-0.4639285714285716,0.5830601759342802,0.8749180527802839,0,0,1,1937142.857142857,25.38,1029.58,4067.31,29.21105308572385,2024-08-01,2024-08
CALDAS,2024,9,197.5257857674611,211.6347704651369,2765.36,2351.82,1.007861753539613,16061885.36132928,14.19857142857143,284,42.03285714285714,97.28571428571428,16.86142857142857,22.04464285714286,12.69785714285714,83.96714285714286,0.7303571428571428,18.41142857142857,0.2903571428571429,0.0210714285714289,0.4575407442373228,0.8372622232711968,0,1,1,2118607.142857143,26.25,998.341,4183.9575,-14.10898469767577,2024-09-01,2024-09
CALDAS,2024,10,306.4190474499862,264.5658364485032,2765.36,2351.82,1.563482141235228,16061885.36132928,27.86,355,109.2,170.5828571428572,16.58714285714286,21.14314285714286,13.25228571428571,87.28028571428571,0.7614285714285715,16.97371428571429,0.3097142857142857,-0.3922142857142859,0.5678881702082438,0.870366451062473,0,1,1,2175914.285714285,28.5,1039.068,4261.012000000001,41.85321100148303,2024-10-01,2024-10
CALDAS,2024,11,324.648519948624,347.9871865264515,2765.36,2351.82,1.6564967724500548,16061885.36132928,27.93142857142857,284,103.8671428571429,193.7171428571429,16.13392857142857,20.09678571428572,13.44928571428571,90.66535714285716,0.8367857142857142,14.48285714285714,0.3003571428571429,0.4327678571428577,0.6187888243515508,0.8856366473054651,1,0,0,2498035.714285715,21.38,1193.949,4408.6275,-23.33866657782755,2024-11-01,2024-11
CALDAS,2024,12,320.881458094892,355.2616143193448,2765.36,2351.82,1.6372755981064469,16061885.36132928,21.87571428571429,284,78.7057142857143,182.5728571428572,16.44071428571429,20.41107142857143,13.63035714285714,90.43928571428572,0.8625,14.07785714285714,0.2757142857142857,1.023125,0.6055219537140312,0.8816565861142094,0,0,0,2765107.142857143,28.13,1303.939,4382.46,-34.38015622445278,2024-12-01,2024-12
CAUCA,2021,1,253.1262393462722,280.2469078476585,3260.56,2786.8,1.0899651471778622,10768530.45442331,23.15428571428572,284,68.23428571428572,73.89428571428573,20.7875,25.06892857142857,17.98785714285714,87.29035714285715,0.8085714285714285,15.11892857142857,1.629285714285714,1.6685,0.6222471784222044,0.8866741535266613,1,0,0,1073214.285714286,16.25,1072.0,3497.6225,-27.12066850138629,2021-01-01,2021-01
CAUCA,2021,2,286.9873515146697,286.9873515146696,3260.56,2786.8,1.235771572475971,10768530.45442331,12.73428571428571,284,73.60714285714286,141.8414285714286,21.2075,25.40214285714286,18.52428571428571,86.77857142857144,0.8057142857142857,14.57857142857143,1.7525,-0.6870535714285712,0.5501028143125676,0.8650308442937702,0,0,0,1113535.714285714,16.88,1273.64,3554.505,5.684341886080802e-14,2021-02-01,2021-02
CAUCA,2021,3,245.8673000125677,272.2102250139143,3260.56,2786.8,1.0587080523004206,10768530.45442331,19.82285714285715,284,70.10428571428571,143.7114285714286,20.69321428571429,24.8075,17.95428571428571,85.43357142857143,0.8178571428571428,13.61714285714286,1.493571428571429,0.1224107142857145,0.5799498904007359,0.8739849671202207,0,0,0,1156107.142857143,16.25,1128.007,3603.13,-26.34292500134654,2021-03-01,2021-03
CAUCA,2021,4,246.6366806792738,209.9907450107338,3260.56,2786.8,1.062021016273606,10768530.45442331,36.03857142857143,355,129.92,222.1557142857143,21.09257142857143,25.49742857142857,18.068,85.278,0.852,14.51428571428571,1.334,0.697142857142857,0.7418156571956418,0.9225446971586926,1,0,0,1209342.857142857,15.38,1035.027,3660.336,36.64593566853992,2021-04-01,2021-04
CAUCA,2021,5,144.2421493407064,159.6966653414964,3260.56,2786.8,0.6211087240162468,10768530.45442331,18.24857142857143,284,74.34285714285714,182.1314285714286,21.57285714285715,26.59392857142857,18.16142857142857,83.97071428571428,0.8425,14.97892857142857,1.334642857142857,-0.109642857142857,0.6579293224124609,0.8973787967237382,1,0,0,1387714.285714286,15.13,345.0,3736.075,-15.45451600078999,2021-05-01,2021-05
CAUCA,2021,6,250.6073539461434,272.7287206806075,3260.56,2786.8,1.079118791213478,10768530.45442331,30.76571428571429,284,123.0357142857143,197.3785714285714,20.83642857142857,25.25428571428571,17.79035714285714,85.33107142857143,0.8621428571428571,14.63178571428571,1.234285714285714,0.7291071428571431,0.7671063037309611,0.9301318911192882,1,0,0,1417821.428571428,15.31,890.284,3680.635,-22.12136673446409,2021-06-01,2021-06
CAUCA,2021,7,348.3554950844731,313.4306305160213,3260.56,2786.8,1.5000236619110363,10768530.45442331,5.945714285714285,355,57.69142857142857,204.3842857142857,21.50114285714286,27.32314285714286,17.28085714285714,80.214,0.8202857142857143,15.50542857142857,1.077714285714286,-2.329785714285714,0.5321326630270999,0.85963979890813,1,0,1,1557857.142857143,14.81,1184.276,3822.534,34.92486456845188,2021-07-01,2021-07
CAUCA,2021,8,214.2557900109519,237.2117675121253,3260.56,2786.8,0.922588445576081,10768530.45442331,7.992857142857142,284,26.08,60.11428571428571,21.10678571428571,26.575,17.58785714285714,82.08250000000001,0.7753571428571429,14.77678571428571,1.415,-0.52125,0.4534284769673386,0.8360285430902015,0,0,1,1700964.285714286,14.88,1130.973,3885.995,-22.95597750117341,2021-08-01,2021-08
CAUCA,2021,9,354.1241775181013,313.4306305160213,3260.56,2786.8,1.5248636896143302,10768530.45442331,7.602857142857143,355,33.84,70.09857142857143,21.32171428571429,26.60285714285714,17.62542857142857,81.47685714285714,0.7511428571428571,16.288,1.326285714285714,-1.011857142857143,0.4019089910410414,0.8205726973123124,0,1,0,1723100.0,15.88,1089.832,3818.934,40.69354700208004,2021-09-01,2021-09
CAUCA,2021,10,236.9692453454462,262.3588073467441,3260.56,2786.8,1.020392903740977,10768530.45442331,10.61857142857143,284,40.01428571428572,63.67571428571429,21.11107142857143,25.88321428571429,18.27,85.41749999999999,0.7471428571428571,15.88642857142857,1.706071428571429,-2.734732142857143,0.424998784451623,0.8274996353354869,0,1,0,1782785.714285715,15.63,986.834,3771.41,-25.38956200129783,2021-10-01,2021-10
CAUCA,2021,11,273.6620128806551,293.2092995149877,3260.56,2786.8,1.178392476879525,10768530.45442331,10.04857142857143,284,33.93142857142857,73.94571428571429,20.40535714285714,24.89214285714286,17.66571428571429,87.06892857142857,0.7471428571428571,14.59285714285714,1.797857142857143,-1.514196428571429,0.33698728149441,0.801096184448323,0,1,0,1997101.19047619,15.25,1135.451,3895.2825,-19.54728663433252,2021-11-01,2021-11
CAUCA,2021,12,392.5927539531169,359.0582491850203,3260.56,2786.8,1.6905099208545296,10768530.45442331,19.34142857142857,355,76.04714285714286,122.5328571428571,20.69514285714286,25.34285714285715,17.95971428571428,87.45,0.7642857142857142,14.212,1.765714285714286,-0.095857142857143,0.4440532065858974,0.8332159619757691,0,1,0,2115742.857142857,15.75,1167.18,3966.816,33.53450476809667,2021-12-01,2021-12
CAUCA,2022,1,195.8210538726983,216.8018810733446,2768.37,2630.86,0.8931880246278324,14502232.05729942,10.92142857142857,284,46.06285714285714,109.5557142857143,20.56357142857143,25.35892857142857,17.51607142857143,85.1117857142857,0.7575,14.8525,1.742142857142857,-1.389714285714286,0.3673579642380461,0.8102073892714139,0,1,0,2153767.857142857,15.5,1031.827,4001.5425,-20.98082720064627,2022-01-01,2022-01
CAUCA,2022,2,230.5036457758073,231.7881862166633,2768.37,2630.86,1.0513838628090006,14502232.05729942,18.74142857142857,284,56.64428571428572,102.7071428571429,20.39964285714286,25.12357142857143,17.58714285714286,86.29107142857143,0.7610714285714285,13.6625,1.830714285714286,0.8147321428571431,0.4230254197573821,0.8269076259272146,0,1,0,2212119.047619048,15.63,983.233,3938.4075,-1.284540440855949,2022-02-01,2022-02
CAUCA,2022,3,255.3024126201086,228.2913816832222,2768.37,2630.86,1.1644971421669352,14502232.05729942,26.67571428571429,355,117.7542857142857,203.7057142857143,20.78742857142857,25.57171428571429,17.84942857142857,85.37571428571428,0.7957142857142857,14.13485714285714,1.547714285714286,0.4192857142857146,0.5374535193744316,0.8612360558123294,1,0,0,1994971.428571429,17.25,1120.626,3806.814,27.01103093688639,2022-03-01,2022-03
CAUCA,2022,4,176.7900577713441,187.3288142914843,2768.37,2630.86,0.8063829672639855,14502232.05729942,29.12714285714286,284,106.8714285714286,195.3185714285714,21.09964285714286,25.68214285714286,18.13214285714286,85.29071428571429,0.8292857142857143,14.31642857142857,1.368928571428571,0.455089285714286,0.6848277167777159,0.9054483150333148,1,0,0,2030119.047619048,17.63,848.0,3801.7925,-10.53875652014028,2022-04-01,2022-04
CAUCA,2022,5,229.4354974522283,254.0178721792527,2768.37,2630.86,1.0465117753992002,14502232.05729942,16.27428571428571,284,73.89857142857143,180.77,21.3675,25.98285714285714,18.30642857142857,84.93321428571429,0.82,14.36892857142857,1.2275,-0.6032142857142856,0.6128709192194378,0.8838612757658313,0,0,0,2097571.428571429,17.13,944.263,4028.5875,-24.58237472702447,2022-05-01,2022-05
CAUCA,2022,6,276.7293570601796,237.5329365216021,2768.37,2630.86,1.2622307096242884,14502232.05729942,33.74714285714285,355,135.4957142857143,232.59,20.35914285714286,24.55228571428571,17.51885714285714,86.73714285714286,0.8388571428571427,13.36057142857143,1.394857142857143,0.3628571428571431,0.605664088563195,0.8816992265689585,1,0,0,2177485.714285715,17.38,939.0,3951.326,39.19642053857743,2022-06-01,2022-06
CAUCA,2022,7,212.8762600585706,235.6844307791316,2768.37,2630.86,0.9709810178811672,14502232.05729942,15.76428571428571,284,48.98857142857143,161.2885714285714,21.01142857142857,26.04,17.48392857142857,83.09178571428572,0.8046428571428572,14.31571428571429,1.218571428571429,0.5633035714285717,0.5393566546978176,0.8618069964093452,0,0,0,2248178.571428572,17.38,1020.512,4387.6125,-22.80817072056109,2022-07-01,2022-07
CAUCA,2022,8,214.0946775635838,237.0333930168248,2768.37,2630.86,0.9765385200136096,14502232.05729942,7.774285714285714,284,66.13571428571429,115.1242857142857,21.21714285714286,26.67678571428571,17.3975,80.74928571428572,0.7878571428571428,14.87821428571429,1.276428571428571,-0.5758928571428572,0.480999877818826,0.8442999633456477,0,0,0,2296321.428571429,17.44,872.0,4315.08,-22.93871545324109,2022-08-01,2022-08
CAUCA,2022,9,245.5578612112502,208.3096414921306,2768.37,2630.86,1.1200498447408842,14502232.05729942,24.52857142857143,355,62.18428571428572,134.2985714285714,21.16257142857143,26.64028571428572,17.62257142857143,81.77857142857144,0.7722857142857142,15.432,1.374285714285714,2.373285714285714,0.5178397032252573,0.8553519109675772,0,1,1,2409257.142857143,18.06,816.0,4438.996,37.24821971911967,2022-09-01,2022-09
CAUCA,2022,10,200.3330597222996,221.7973161211174,2768.37,2630.86,0.9137683938588884,14502232.05729942,34.65428571428572,284,115.6557142857143,171.8614285714285,20.47607142857143,25.10178571428571,17.68285714285714,86.78892857142857,0.8075,14.78,1.644285714285714,3.274196428571428,0.6106471264064175,0.8831941379219252,1,0,0,2270857.142857143,18.06,944.0,4716.65,-21.46425639881781,2022-10-01,2022-10
CAUCA,2022,11,245.4370039117074,264.7580575319645,2768.37,2630.86,1.1194985848507668,14502232.05729942,18.12142857142857,284,104.5371428571429,220.1928571428572,20.24464285714286,24.53928571428571,17.68821428571428,88.09428571428572,0.8328571428571429,14.17678571428571,1.709642857142857,0.5040178571428572,0.5526611644161693,0.8657983493248508,1,0,0,1997750.0,18.5,853.0,4931.7075,-19.32105362025715,2022-11-01,2022-11
CAUCA,2022,12,278.7951372132438,245.0260890932616,2768.37,2630.86,1.2716532413579305,14502232.05729942,14.93142857142857,355,76.72714285714287,203.2928571428571,20.08971428571429,24.76942857142857,17.034,86.58428571428571,0.8240000000000001,14.53685714285714,1.544285714285714,-0.9778571428571428,0.4697098159939005,0.8409129447981701,1,0,0,1937114.285714286,19.75,1035.0,4793.856,33.76904811998227,2022-12-01,2022-12
CAUCA,2023,1,204.210786270004,226.0905133703615,2955.75,2565.66,0.9551263360071282,11143094.64744758,20.89714285714286,284,78.77714285714286,133.4757142857143,20.12642857142857,24.81857142857143,16.93321428571429,85.81392857142858,0.8339285714285715,14.54142857142857,1.411071428571429,1.104214285714286,0.5500231337774879,0.8650069401332463,1,0,0,1823607.142857143,22.38,832.373,4720.7275,-21.87972710035757,2023-01-01,2023-01
CAUCA,2023,2,262.5009095739327,266.9847652126965,2955.75,2565.66,1.2277585162832148,11143094.64744758,8.745714285714286,284,38.40428571428572,117.1814285714286,21.37357142857143,26.55428571428572,17.77035714285714,82.63035714285714,0.795,15.465,1.461071428571429,-1.684196428571429,0.5134556808938864,0.8540367042681658,0,0,0,2066000.0,21.75,929.255,4786.075,-4.483855638763771,2023-02-01,2023-02
CAUCA,2023,3,237.0144271709996,208.1178803950678,2955.75,2565.66,1.1085541833493118,11143094.64744758,28.63571428571429,355,103.2157142857143,148.5314285714286,20.91057142857143,25.67228571428571,17.89942857142857,84.32857142857144,0.8102857142857143,12.80571428571428,1.452857142857143,0.8112857142857143,0.54532009132047,0.8635960273961409,1,0,0,1993171.428571429,20.88,906.561,4763.01,28.89654677593177,2023-03-01,2023-03
CAUCA,2023,4,137.566889650349,147.3930960539454,2955.75,2565.66,0.6434222289017985,11143094.64744758,24.41285714285714,284,83.11714285714285,179.4214285714286,21.41821428571428,26.44785714285715,18.13285714285714,83.82142857142857,0.8242857142857143,14.37821428571428,1.454285714285714,-0.7234821428571434,0.6891809050065714,0.9067542715019714,1,0,0,1985821.428571428,17.75,723.151,4535.2875,-9.82620640359636,2023-04-01,2023-04
CAUCA,2023,5,189.670297365325,209.9921149401812,2955.75,2565.66,0.887118156101705,11143094.64744758,16.10142857142857,284,73.02,156.1371428571429,22.34821428571428,27.70392857142857,18.88607142857143,83.06571428571428,0.8175,15.0175,1.184285714285714,-0.6464285714285714,0.5312689598830775,0.8593806879649233,0,0,1,1909642.857142857,17.38,845.853,4550.385,-20.32181757485623,2023-05-01,2023-05
CAUCA,2023,6,285.2480063130567,249.0121322374028,2955.75,2565.66,1.334150306648847,11143094.64744758,11.71428571428571,355,70.56714285714285,164.9328571428571,22.25714285714286,28.00142857142857,18.22371428571428,79.12828571428571,0.794,14.95057142857143,1.088285714285714,-4.043714285714286,0.4338070481721706,0.8301421144516512,0,0,1,1581771.428571428,15.88,753.422,4227.576,36.23587407565395,2023-06-01,2023-06
CAUCA,2023,7,222.7967910111679,246.6678757623645,2955.75,2565.66,1.0420560370953342,11143094.64744758,15.30142857142857,284,49.40571428571429,98.62714285714286,22.31035714285714,27.69892857142857,18.71464285714286,80.22107142857142,0.7660714285714286,14.64357142857143,1.100357142857143,0.4475892857142857,0.4147091654346062,0.8244127496303818,0,1,1,1315964.285714286,15.63,851.998,4066.7,-23.87108475119655,2023-07-01,2023-07
CAUCA,2023,8,257.2035861353055,227.1324051370453,2955.75,2565.66,1.2029820917906762,11143094.64744758,18.00428571428571,355,74.70142857142856,135.0857142857143,22.28342857142857,27.52485714285714,18.67285714285715,79.81085714285715,0.7562857142857143,15.94371428571429,1.2,1.213928571428571,0.4052337673514376,0.8215701302054311,0,1,1,1316914.285714286,17.0,816.755,4066.912,30.07118099826025,2023-08-01,2023-08
CAUCA,2023,9,208.7527493559984,221.141527478614,2955.75,2565.66,0.9763698199574304,11143094.64744758,8.851428571428572,284,40.58,104.3028571428571,22.74714285714286,27.99678571428571,19.35392857142857,80.21285714285715,0.7421428571428571,16.81642857142857,1.315714285714286,-0.4884821428571426,0.2875656054842867,0.786269681645286,0,1,1,1283328.869047619,18.0,840.002,3998.6925,-12.38877812261561,2023-09-01,2023-09
CAUCA,2023,10,272.3104895068833,301.4866133826208,2955.75,2565.66,1.273639482270683,11143094.64744758,21.13571428571429,284,65.89571428571429,106.4757142857143,21.54714285714286,25.70464285714286,18.85178571428571,84.96821428571428,0.7614285714285715,15.625,1.435714285714286,-0.1054464285714282,0.5197538882873806,0.8559261664862141,0,1,1,1383750.0,20.38,908.637,4237.865,-29.17612387573752,2023-10-01,2023-10
CAUCA,2023,11,384.1574482647487,333.9540871911738,2955.75,2565.66,1.796765502512798,11143094.64744758,21.86,355,104.1642857142857,196.13,21.80257142857143,26.55514285714286,18.74114285714286,84.622,0.7754285714285715,15.08857142857143,1.444571428571429,0.3971428571428571,0.486058835361202,0.8458176506083606,1,0,0,1410619.047619048,18.75,1104.61,4038.776,50.20336107357485,2023-11-01,2023-11
CAUCA,2023,12,287.0243770154434,317.7769888385266,2955.75,2565.66,1.3424586750330605,11143094.64744758,24.17142857142857,284,70.57285714285715,148.6671428571429,21.8675,26.2025,19.06142857142857,86.21928571428572,0.7835714285714286,13.8275,1.417857142857143,2.029910714285715,0.5238611167194489,0.8571583350158346,1,1,1,1467000.0,20.0,1066.685,3942.2475,-30.75261182308316,2023-12-01,2023-12
CAUCA,2024,1,208.765999471135,231.1337851287566,3373.6,2370.13,1.0569850572135788,16061885.36132928,6.611428571428571,284,56.49857142857143,127.0714285714286,22.79571428571429,28.31964285714286,18.86392857142857,81.36,0.7728571428571429,18.435,1.431428571428571,-2.467214285714286,0.3525619037359115,0.8057685711207734,0,0,1,1417678.571428571,21.0,937.134,3914.335,-22.3677856576216,2024-01-01,2024-01
CAUCA,2024,2,274.1713459958423,231.6158159632275,3373.6,2370.13,1.388133204486719,16061885.36132928,26.78714285714286,355,91.01571428571428,161.5314285714286,22.14828571428571,26.74942857142857,19.23771428571429,84.67257142857143,0.7811428571428571,15.73771428571429,1.577714285714286,1.115142857142857,0.5259118004328608,0.8577735401298583,0,1,1,1455914.285714286,26.0,1045.063,3930.926,42.55553003261485,2024-02-01,2024-02
CAUCA,2024,3,188.4189474999369,208.6066918749301,3373.6,2370.13,0.9539676600014524,16061885.36132928,11.50142857142857,284,54.99857142857143,131.9971428571428,22.49214285714286,27.37928571428571,19.33678571428572,83.36428571428571,0.7757142857142858,14.57357142857143,1.430714285714286,-1.837232142857143,0.3765111413342507,0.8129533424002752,0,0,1,1441214.285714286,26.25,1005.461,3895.665,-20.18774437499317,2024-03-01,2024-03
CAUCA,2024,4,166.9112102827615,178.833439588673,3373.6,2370.13,0.8450736978111486,16061885.36132928,26.25142857142858,284,76.78571428571429,131.7842857142857,22.08535714285714,26.74392857142857,19.11464285714286,84.54464285714286,0.7875,15.33107142857143,1.524642857142857,-0.2638392857142855,0.5764173991188126,0.8729252197356437,1,0,1,1659785.714285714,24.75,791.794,3865.705,-11.92222930591154,2024-04-01,2024-04
CAUCA,2024,5,300.6908345428955,269.9372673036574,3373.6,2370.13,1.5224017309239348,16061885.36132928,41.52,355,143.3514285714286,247.6828571428571,22.29514285714286,26.66228571428571,19.41142857142857,85.78742857142858,0.8162857142857144,14.74742857142857,1.323428571428571,2.491571428571429,0.6112349554387012,0.8833704866316104,1,0,0,1607542.857142857,22.5,935.22,3870.384,30.75356723923807,2024-05-01,2024-05
CAUCA,2024,6,263.6387310665721,282.4700689998986,3373.6,2370.13,1.3348064337394423,16061885.36132928,32.85857142857142,284,141.6128571428571,257.4185714285715,21.49642857142857,26.1925,18.47464285714286,85.27785714285714,0.8382142857142857,13.88607142857143,1.271785714285714,2.825178571428571,0.7465124554656586,0.9239537366396976,1,0,0,1825392.857142857,23.88,1023.959,4055.79,-18.83133793332655,2024-06-01,2024-06
CAUCA,2024,7,252.2789621670517,279.3088509706644,3373.6,2370.13,1.2772917713393863,16061885.36132928,18.28285714285714,284,115.1185714285714,256.7314285714286,22.05214285714286,27.82964285714286,18.1025,80.67857142857143,0.8296428571428571,14.34535714285714,1.06,1.192946428571429,0.5926012471387647,0.8777803741416293,1,0,1,1879714.285714286,25.25,1019.355,4035.035,-27.02988880361272,2024-07-01,2024-07
CAUCA,2024,8,288.461187046969,252.8251726799434,3373.6,2370.13,1.460482861515456,16061885.36132928,8.232857142857144,355,45.23142857142857,172.2728571428571,22.31228571428571,28.43257142857143,18.23285714285715,78.42857142857143,0.7728571428571429,15.896,1.209428571428571,-0.7403571428571428,0.3676996168691685,0.8103098850607505,0,0,1,1937142.857142857,25.38,1029.58,4067.31,35.63601436702558,2024-08-01,2024-08
CAUCA,2024,9,240.9715157755615,258.1837669023873,3373.6,2370.13,1.2200420184997185,16061885.36132928,7.972857142857142,284,18.68,51.98857142857143,22.6175,28.27107142857143,18.86142857142857,78.58,0.7317857142857143,16.57,1.4075,-0.7081249999999999,0.270802696871813,0.7812408090615439,0,1,1,2118607.142857143,26.25,998.341,4183.9575,-17.21225112682581,2024-09-01,2024-09
CAUCA,2024,10,373.8158136652276,322.7570030096155,3373.6,2370.13,1.8926344816456189,16061885.36132928,23.36428571428571,355,90.57571428571428,120.87,21.794,26.86828571428571,18.59942857142857,83.40885714285714,0.762,16.67114285714286,1.604571428571429,-0.4995714285714291,0.5235075076873226,0.8570522523061967,1,1,1,2175914.285714285,28.5,1039.068,4261.012000000001,51.05881065561204,2024-10-01,2024-10
CAUCA,2024,11,396.0548524961227,424.526850921991,3373.6,2370.13,2.005231033721134,16061885.36132928,15.92571428571429,284,55.34999999999999,134.3114285714286,20.7825,25.68857142857143,17.85678571428571,85.79607142857142,0.7685714285714286,14.29785714285714,1.698571428571429,0.0890178571428573,0.4520739894724836,0.835622196841745,0,1,0,2498035.714285715,21.38,1193.949,4408.6275,-28.47199842586821,2024-11-01,2024-11
CAUCA,2024,12,391.4592266572627,433.4012866562551,3373.6,2370.13,1.9819633184201508,16061885.36132928,15.76142857142857,284,62.49,117.84,21.12857142857143,25.62642857142857,18.33714285714286,86.49571428571429,0.7707142857142857,13.44464285714286,1.678214285714286,-0.0725892857142859,0.4599542941996887,0.8379862882599065,0,0,0,2765107.142857143,28.13,1303.939,4382.46,-41.94205999899236,2024-12-01,2024-12
HUILA,2021,1,378.8804257643882,419.4747570962869,4880.42,4604.17,0.9874885395571098,10768530.45442331,22.4,284,73.27285714285713,79.06619047619047,15.88357142857143,20.15107142857143,12.77892857142857,87.04928571428572,0.8371428571428572,14.175,0.8935714285714286,1.438053571428571,0.6263032566223607,0.8878909769867082,1,0,0,1073214.285714286,16.25,1072.0,3497.6225,-40.59433133189873,2021-01-01,2021-01
HUILA,2021,2,429.563881688797,429.563881688797,4880.42,4604.17,1.119586500990529,10768530.45442331,17.39142857142857,284,79.45285714285714,152.7257142857143,16.42714285714286,20.55071428571429,13.47,88.45214285714286,0.8603571428571428,13.25607142857143,0.8485714285714285,0.7497321428571431,0.5982113285555298,0.8794633985666589,1,0,0,1113535.714285714,16.88,1273.64,3554.505,0.0,2021-02-01,2021-02
HUILA,2021,3,368.0152146647617,407.4454162359863,4880.42,4604.17,0.959170181808478,10768530.45442331,23.70571428571429,284,84.75857142857144,164.2114285714286,15.37,18.9625,12.60392857142857,88.91785714285714,0.8928571428571428,13.03,0.6771428571428572,0.075982142857143,0.7150694316931683,0.9145208295079504,1,0,0,1156107.142857143,16.25,1128.007,3603.13,-39.43020157122459,2021-03-01,2021-03
HUILA,2021,4,369.1668269011278,314.3150353820466,4880.42,4604.17,0.9621716667311444,10768530.45442331,41.35285714285715,355,151.3,262.1157142857143,15.11685714285714,19.07657142857143,12.00571428571429,89.81942857142857,0.9557142857142856,13.10285714285714,1.175428571428571,1.765928571428572,0.7759869286230644,0.9327960785869192,1,0,0,1209342.857142857,15.38,1035.027,3660.336,54.85179151908119,2021-04-01,2021-04
HUILA,2021,5,215.9022592699936,239.0346441917787,4880.42,4604.17,0.5627131733276407,10768530.45442331,21.05285714285714,284,84.78285714285715,210.0257142857143,15.21214285714286,19.15964285714286,12.17,90.15607142857144,0.9464285714285716,13.30535714285714,1.3775,0.8168750000000004,0.7016891792519135,0.910506753775574,1,0,0,1387714.285714286,15.13,345.0,3736.075,-23.13238492178505,2021-05-01,2021-05
HUILA,2021,6,375.1101474427206,408.2215027431025,4880.42,4604.17,0.97766193891899,10768530.45442331,32.58285714285714,284,126.7557142857143,211.5385714285714,14.36892857142857,18.29321428571428,11.13928571428571,89.91142857142857,0.9735714285714284,13.19428571428571,1.265,3.324821428571428,0.7027396533823217,0.9108218960146964,1,0,0,1417821.428571428,15.31,890.284,3680.635,-33.11135530038189,2021-06-01,2021-06
HUILA,2021,7,521.4199785681492,469.1442935517214,4880.42,4604.17,1.3589940733764805,10768530.45442331,9.25,355,77.82428571428571,233.1657142857143,13.85171428571429,17.89828571428571,10.76171428571429,89.96685714285715,0.9137142857142856,11.87085714285714,1.868,-0.2199285714285714,0.4413912663178636,0.8324173798953591,1,0,0,1557857.142857143,14.81,1184.276,3822.534,52.27568501642781,2021-07-01,2021-07
HUILA,2021,8,320.6989727792924,355.0595770056452,4880.42,4604.17,0.8358483012902452,10768530.45442331,8.095714285714285,284,31.73857142857143,80.97714285714285,14.53,19.06785714285714,10.88214285714286,87.07035714285715,0.825,13.46392857142857,1.451071428571429,0.7157142857142856,0.4748518161317956,0.8424555448395387,0,0,0,1700964.285714286,14.88,1130.973,3885.995,-34.36060422635279,2021-08-01,2021-08
HUILA,2021,9,530.054566836032,469.1442935517214,4880.42,4604.17,1.3814986853292524,10768530.45442331,14.09,355,50.17714285714285,92.45571428571428,14.72628571428571,19.60828571428571,10.73257142857143,85.24114285714286,0.7471428571428571,15.23028571428571,1.375428571428571,0.8094999999999999,0.4816925903702727,0.8445077771110817,0,0,0,1723100.0,15.88,1089.832,3818.934,60.91027328431062,2021-09-01,2021-09
HUILA,2021,10,354.6965688007039,392.6997726007792,4880.42,4604.17,0.9244573561811242,10768530.45442331,15.56285714285714,284,51.67571428571429,91.31285714285714,15.99928571428571,20.62142857142857,12.28607142857143,86.80035714285714,0.6967857142857143,15.6625,1.008928571428571,-0.7422321428571428,0.5388233182074105,0.8616469954622231,0,0,1,1782785.714285715,15.63,986.834,3771.41,-38.00320380007537,2021-10-01,2021-10
HUILA,2021,11,409.6184584559115,438.876919774191,4880.42,4604.17,1.0676020871233984,10768530.45442331,15.65142857142857,284,64.01857142857143,115.6942857142857,16.03678571428571,20.32321428571429,12.93785714285714,87.39071428571428,0.7114285714285714,14.76035714285714,0.7839285714285714,-0.0862500000000001,0.5367550842351599,0.8610265252705479,0,0,0,1997101.19047619,15.25,1135.451,3895.2825,-29.25846131827944,2021-11-01,2021-11
HUILA,2021,12,590.5092825931247,537.4399061779438,4880.42,4604.17,1.5390638032734447,10768530.45442331,21.61142857142857,355,94.58857142857144,174.6642857142857,16.37485714285715,20.77485714285714,13.21657142857143,88.33685714285714,0.7465714285714287,14.64628571428572,0.9305714285714284,-0.3320714285714285,0.540199250682126,0.8620597752046377,1,0,1,2115742.857142857,15.75,1167.18,3966.816,53.06937641518084,2021-12-01,2021-12
HUILA,2022,1,333.3528113566201,369.0691840019723,4712.69,4706.54,0.8499308911173478,14502232.05729942,10.59571428571429,284,41.50285714285714,120.0342857142857,15.82285714285714,20.40285714285714,12.47357142857143,86.75928571428571,0.7210714285714286,14.40142857142857,0.9117857142857144,-1.513017857142857,0.5168863163646257,0.8550658949093877,0,0,1,2153767.857142857,15.5,1031.827,4001.5425,-35.71637264535218,2022-01-01,2022-01
HUILA,2022,2,392.3941620560797,394.5808787486524,4712.69,4706.54,1.0004652982175777,14502232.05729942,19.15571428571429,284,57.61142857142858,99.11428571428571,16.04142857142857,20.35607142857143,13.06,88.04249999999999,0.7192857142857143,12.18107142857143,0.8060714285714285,1.190803571428571,0.5309891440468755,0.8592967432140626,0,0,0,2212119.047619048,15.63,983.233,3938.4075,-2.186716692572702,2022-02-01,2022-02
HUILA,2022,3,434.6099426488004,388.628149974427,4712.69,4706.54,1.108100496710026,14502232.05729942,32.16428571428571,355,139.3814285714286,228.0614285714286,15.66028571428572,19.71142857142857,12.69542857142857,88.87628571428571,0.845142857142857,13.01057142857143,0.9374285714285714,0.6752142857142858,0.6857907488734643,0.9057372246620392,1,0,0,1994971.428571429,17.25,1120.626,3806.814,45.98179267437342,2022-03-01,2022-03
HUILA,2022,4,300.9557022213199,318.8961843335014,4712.69,4706.54,0.767329806323932,14502232.05729942,27.87142857142857,284,103.3885714285714,211.7014285714286,15.22892857142857,19.42714285714286,11.99535714285714,89.4275,0.9078571428571428,13.00142857142857,1.261785714285714,0.1836607142857145,0.7103896643942778,0.9131168993182832,1,0,0,2030119.047619048,17.63,848.0,3801.7925,-17.94048211218148,2022-04-01,2022-04
HUILA,2022,5,390.5758169927219,432.4232259562279,4712.69,4706.54,0.9958291662054636,14502232.05729942,19.79714285714286,284,89.92285714285714,193.3114285714286,14.825,18.85678571428571,11.565,89.94178571428571,0.9239285714285714,12.87678571428571,1.358571428571429,0.5029464285714287,0.6510911319895094,0.8953273395968528,1,0,0,2097571.428571429,17.13,944.263,4028.5875,-41.84740896350598,2022-05-01,2022-05
HUILA,2022,6,471.0857557782875,404.3603617348798,4712.69,4706.54,1.2011008233945637,14502232.05729942,17.76285714285714,355,82.66714285714286,194.34,14.33371428571428,18.42228571428571,11.00457142857143,89.78057142857142,0.9051428571428572,12.69342857142857,1.264571428571429,-0.7343571428571429,0.5447322352888765,0.8634196705866628,0,0,0,2177485.714285715,17.38,939.0,3951.326,66.72539404340768,2022-06-01,2022-06
HUILA,2022,7,362.3864664099902,401.2135878110606,4712.69,4706.54,0.9239563664432646,14502232.05729942,7.625714285714285,284,28.45142857142857,89.36857142857143,14.32821428571429,18.68892857142858,10.98142857142857,88.73357142857142,0.8275,12.92035714285714,1.480357142857143,-0.1432142857142859,0.4457208829472113,0.8337162648841634,0,0,0,2248178.571428572,17.38,1020.512,4387.6125,-38.82712140107031,2022-07-01,2022-07
HUILA,2022,8,364.4606197896687,403.5099719099904,4712.69,4706.54,0.929244718514243,14502232.05729942,2.262857142857142,284,22.50571428571428,50.95714285714286,14.34357142857143,19.18928571428571,10.33428571428571,85.91214285714285,0.7410714285714286,13.54285714285714,1.524642857142857,-0.7424999999999999,0.3506050867191504,0.8051815260157451,0,0,0,2296321.428571429,17.44,872.0,4315.08,-39.04935212032166,2022-08-01,2022-08
HUILA,2022,9,418.0214627927795,354.6125569788535,4712.69,4706.54,1.0658057837633068,14502232.05729942,16.85571428571428,355,43.23285714285714,69.30285714285715,15.02742857142857,20.364,10.89914285714286,82.90714285714287,0.6682857142857144,15.24742857142857,1.430571428571428,1.362642857142857,0.4571075583056364,0.8371322674916909,0,1,0,2409257.142857143,18.06,816.0,4438.996,63.40890581392591,2022-09-01,2022-09
HUILA,2022,10,341.0337517104592,377.5730822508656,4712.69,4706.54,0.8695145522030007,14502232.05729942,33.97285714285714,284,110.3328571428571,150.0014285714286,15.65821428571429,20.15892857142858,12.25464285714286,87.23035714285714,0.7428571428571429,15.07071428571429,0.9621428571428572,3.860267857142857,0.6510495876979568,0.895314876309387,1,1,1,2270857.142857143,18.06,944.0,4716.65,-36.53933054040635,2022-10-01,2022-10
HUILA,2022,11,417.8157233190158,450.7066071913486,4712.69,4706.54,1.0652812214127978,14502232.05729942,14.19285714285714,284,82.64142857142858,192.9742857142857,15.86285714285714,20.19821428571429,12.71178571428571,88.38178571428571,0.7907142857142857,14.33357142857143,0.8417857142857144,-0.4508928571428572,0.5928952770316525,0.8778685831094957,1,0,0,1997750.0,18.5,853.0,4931.7075,-32.89088387233278,2022-11-01,2022-11
HUILA,2022,12,476.0206756633322,417.1162091082198,4712.69,4706.54,1.2136831107267732,14502232.05729942,14.47285714285714,355,69.55000000000001,168.7428571428571,15.29914285714286,19.87914285714286,11.80085714285714,87.102,0.7777142857142858,15.28257142857143,0.9597142857142856,-1.759785714285715,0.5606052230976009,0.8681815669292803,0,0,0,1937114.285714286,19.75,1035.0,4793.856,58.90446655511232,2022-12-01,2022-12
HUILA,2023,1,387.3465634073675,428.8479809152997,5606.46,4846.99,0.9589784094641026,11143094.64744758,20.60857142857143,284,73.34714285714286,126.3457142857143,14.76464285714286,19.17,11.37642857142857,87.70607142857143,0.7925,13.98392857142857,0.9514285714285714,0.9901964285714286,0.565007110110109,0.8695021330330326,1,0,0,1823607.142857143,22.38,832.373,4720.7275,-41.50141750793216,2023-01-01,2023-01
HUILA,2023,2,497.9111391321564,506.4161064956016,5606.46,4846.99,1.2327101292938252,11143094.64744758,7.937142857142858,284,39.05285714285715,112.4,15.37,20.20642857142857,11.51071428571428,85.98214285714286,0.7453571428571428,14.22321428571428,1.153214285714286,-1.613839285714286,0.4990885736783284,0.8497265721034984,0,0,0,2066000.0,21.75,929.255,4786.075,-8.504967363445132,2023-02-01,2023-02
HUILA,2023,3,449.5684362199518,394.7575308194982,5606.46,4846.99,1.113025039176772,11143094.64744758,31.77142857142857,355,114.5014285714286,160.6571428571428,15.728,19.82314285714286,12.79,88.18828571428571,0.7897142857142857,11.06514285714286,1.019714285714286,0.5966428571428569,0.5950207772673494,0.8785062331802047,1,0,0,1993171.428571429,20.88,906.561,4763.01,54.81090540045358,2023-03-01,2023-03
HUILA,2023,4,260.9365691107488,279.5748954758023,5606.46,4846.99,0.6460171837220596,11143094.64744758,26.85428571428572,284,88.89142857142858,196.29,15.75678571428572,19.85392857142857,12.61607142857143,88.8157142857143,0.8592857142857142,13.28821428571429,0.9746428571428573,-0.0706249999999994,0.6888960235955717,0.9066688070786716,1,0,0,1985821.428571428,17.75,723.151,4535.2875,-18.6383263650535,2023-04-01,2023-04
HUILA,2023,5,359.7661965209507,398.312574719624,5606.46,4846.99,0.8906959490841551,11143094.64744758,16.57285714285714,284,72.38714285714286,161.2785714285714,15.67714285714286,19.79535714285714,12.49535714285714,89.74428571428572,0.8710714285714286,12.90535714285714,1.480357142857143,-0.3031250000000001,0.617517412633675,0.8852552237901024,1,0,0,1909642.857142857,17.38,845.853,4550.385,-38.54637819867332,2023-05-01,2023-05
HUILA,2023,6,541.0577814341201,472.3256563998002,5606.46,4846.99,1.339531003201872,11143094.64744758,5.542857142857143,355,58.66285714285714,150.1871428571428,14.40371428571429,18.60314285714286,11.20885714285714,89.34142857142857,0.8308571428571427,12.244,1.79,-3.178357142857143,0.4236911598070121,0.8271073479421036,0,0,0,1581771.428571428,15.88,753.422,4227.576,68.73212503431995,2023-06-01,2023-06
HUILA,2023,7,422.6004556990519,467.8790759525217,5606.46,4846.99,1.0462587024913654,11143094.64744758,8.604285714285714,284,28.89285714285714,68.41857142857143,14.89142857142857,18.82642857142857,11.93035714285714,89.70214285714286,0.7485714285714287,12.05607142857143,1.937142857142857,0.1014285714285715,0.4414876107827697,0.8324462832348309,0,0,0,1315964.285714286,15.63,851.998,4066.7,-45.2786202534698,2023-07-01,2023-07
HUILA,2023,8,487.8631878623512,430.8242388918679,5606.46,4846.99,1.2078337802116808,11143094.64744758,8.191428571428572,355,35.86714285714286,69.99142857142857,15.57514285714286,20.14485714285714,12.17114285714286,86.54114285714286,0.6882857142857143,14.53171428571429,1.614285714285714,0.2780000000000002,0.3986939290575205,0.8196081787172561,0,1,0,1316914.285714286,17.0,816.755,4066.912,57.03894897048332,2023-08-01,2023-08
HUILA,2023,9,395.9617488469697,419.4607555266008,5606.46,4846.99,0.9803075694737636,11143094.64744758,4.978571428571429,284,21.18428571428571,51.82000000000001,16.65607142857143,21.94928571428571,12.75035714285714,82.34392857142858,0.6217857142857143,15.27892857142857,1.593214285714286,-0.8738392857142858,0.3149104577033678,0.7944731373110103,0,1,1,1283328.869047619,18.0,840.002,3998.6925,-23.49900667963107,2023-09-01,2023-09
HUILA,2023,10,516.5179284448146,571.8591350639018,5606.46,4846.99,1.2787761355682137,11143094.64744758,11.06714285714286,284,27.92285714285714,49.10714285714285,16.93142857142857,22.28392857142857,12.82821428571429,81.30178571428571,0.5839285714285714,16.06607142857143,1.175,-1.866160714285714,0.3081863591662611,0.7924559077498783,0,1,1,1383750.0,20.38,908.637,4237.865,-55.34120661908719,2023-10-01,2023-10
HUILA,2023,11,728.668990069655,633.4433668861806,5606.46,4846.99,1.8040119498566864,11143094.64744758,20.69857142857143,355,90.76,138.3414285714286,16.39628571428571,20.94057142857143,12.95285714285714,86.54028571428572,0.6488571428571428,13.85285714285714,1.135714285714286,0.1796428571428571,0.4302016943951483,0.8290605083185444,1,1,1,1410619.047619048,18.75,1104.61,4038.776,95.22562318347444,2023-11-01,2023-11
HUILA,2023,12,544.4271974158852,602.7586828533014,5606.46,4846.99,1.3478728796615267,11143094.64744758,26.06285714285714,284,73.17571428571428,144.2771428571428,16.54714285714286,20.61357142857143,13.50035714285714,88.94714285714285,0.6785714285714286,12.00464285714286,1.069285714285714,1.648749999999999,0.4858228934290203,0.845746868028706,1,1,1,1467000.0,20.0,1066.685,3942.2475,-58.33148543741618,2023-12-01,2023-12
HUILA,2024,1,410.5207386446415,454.5051034994246,6633.9,4620.47,1.066179168728657,16061885.36132928,6.548571428571429,284,61.31142857142856,134.4871428571429,16.87678571428571,22.075,12.75535714285714,84.88964285714286,0.6939285714285715,16.93642857142857,1.348928571428571,-2.524803571428571,0.3925519932988502,0.817765597989655,1,0,1,1417678.571428571,21.0,937.134,3914.335,-43.98436485478305,2024-01-01,2024-01
HUILA,2024,2,539.1348388077479,455.4529764994234,6633.9,4620.47,1.4002077852887205,16061885.36132928,19.75571428571429,355,63.47571428571428,136.2928571428571,17.08657142857143,21.56914285714286,13.828,86.35885714285715,0.6637142857142857,13.85342857142857,1.258857142857143,-0.3065000000000001,0.3758181203003204,0.8127454360900961,0,1,1,1455914.285714286,26.0,1045.063,3930.926,83.68186230832453,2024-02-01,2024-02
HUILA,2024,3,370.5099762330541,410.2074736865956,6633.9,4620.47,0.9622656818022082,16061885.36132928,12.00428571428571,284,51.74857142857143,103.7185714285714,17.40178571428572,21.96821428571429,14.22035714285714,86.28928571428571,0.6692857142857143,12.51178571428571,1.483928571428571,-2.472053571428571,0.3036362196357211,0.7910908658907163,0,1,1,1441214.285714286,26.25,1005.461,3895.665,-39.69749745354153,2024-03-01,2024-03
HUILA,2024,4,328.2168241329178,351.6608829995548,6633.9,4620.47,0.852424513003009,16061885.36132928,21.30571428571429,284,66.75285714285715,118.5014285714286,16.94785714285714,21.40571428571429,13.68535714285714,86.98857142857142,0.6846428571428571,13.83321428571429,1.128214285714286,-1.457767857142857,0.4495472335480401,0.8348641700644119,0,1,1,1659785.714285714,24.75,791.794,3865.705,-23.44405886663702,2024-04-01,2024-04
HUILA,2024,5,591.2831773992514,530.8088799993279,6633.9,4620.47,1.5356442372293329,16061885.36132928,22.09571428571429,355,95.88428571428572,185.4442857142857,16.42857142857143,20.58828571428571,13.24771428571429,89.22171428571428,0.7368571428571429,13.45028571428572,1.365714285714286,-0.4244285714285717,0.5113365541472799,0.8534009662441839,1,0,1,1607542.857142857,22.5,935.22,3870.384,60.47429739992344,2024-05-01,2024-05
HUILA,2024,6,518.4233394660102,555.4535779992967,6633.9,4620.47,1.346417155309335,16061885.36132928,19.68857142857143,284,81.10857142857142,154.1857142857143,15.29821428571428,19.20964285714286,12.2325,89.955,0.7703571428571429,12.78321428571429,1.4575,1.171607142857143,0.5883767769024684,0.8765130330707405,1,0,0,1825392.857142857,23.88,1023.959,4055.79,-37.03023853328648,2024-06-01,2024-06
HUILA,2024,7,496.085311572209,549.2373092406599,6633.9,4620.47,1.288402205590883,16061885.36132928,9.098571428571429,284,58.41714285714286,139.5257142857143,14.30142857142857,18.56285714285714,11.27,89.43428571428572,0.7639285714285715,10.91857142857143,1.890714285714286,0.2250000000000001,0.3809445189911327,0.8142833556973398,0,0,0,1879714.285714286,25.25,1019.355,4035.035,-53.15199766845092,2024-07-01,2024-07
HUILA,2024,8,567.2346065778064,497.1593884993706,6633.9,4620.47,1.47318677081199,16061885.36132928,2.881428571428571,355,17.91428571428571,81.9542857142857,15.29171428571429,20.21228571428572,11.50742857142857,84.492,0.666,13.554,1.810571428571428,-0.7839999999999999,0.360434934954115,0.8081304804862345,0,1,0,1937142.857142857,25.38,1029.58,4067.31,70.07521807843585,2024-08-01,2024-08
HUILA,2024,9,473.8501714795759,507.6966122995456,6633.9,4620.47,1.2306544697303328,16061885.36132928,3.745714285714285,284,8.33,20.62142857142857,16.64321428571429,22.08464285714286,12.58321428571429,80.69142857142857,0.5757142857142856,15.30678571428571,1.586428571428571,-1.182053571428571,0.2644854957345447,0.7793456487203634,0,1,1,2118607.142857143,26.25,998.341,4183.9575,-33.84644081996976,2024-09-01,2024-09
HUILA,2024,10,735.0772842879277,634.6744374749491,6633.9,4620.47,1.909097431961496,16061885.36132928,15.67285714285714,355,59.20285714285715,73.84142857142857,16.94,22.488,12.99371428571428,81.354,0.586,16.53142857142857,1.216857142857143,-1.526928571428571,0.3263807735289389,0.7979142320586816,0,1,1,2175914.285714285,28.5,1039.068,4261.012000000001,100.4028468129786,2024-10-01,2024-10
HUILA,2024,11,778.8084793615213,834.796264029937,6633.9,4620.47,2.022673397368288,16061885.36132928,17.45714285714286,284,49.54571428571428,102.44,16.48642857142857,21.35464285714286,13.18321428571429,84.67464285714286,0.6017857142857143,14.21714285714286,0.8796428571428572,0.6081249999999998,0.400273667871253,0.8200821003613759,0,1,1,2498035.714285715,21.38,1193.949,4408.6275,-55.98778466841566,2024-11-01,2024-11
HUILA,2024,12,769.7715685681808,852.2470937719145,6633.9,4620.47,1.999203289452841,16061885.36132928,24.77714285714286,284,91.24,140.7857142857143,16.35464285714286,20.62107142857143,13.30607142857143,88.2575,0.6717857142857143,12.6525,1.011071428571429,1.327321428571429,0.5036009759627946,0.8510802927888383,1,1,1,2765107.142857143,28.13,1303.939,4382.46,-82.4755252037337,2024-12-01,2024-12
TOLIMA,2021,1,489.4799230546286,541.9242005247675,6305.07,7506.04,0.782537673214577,10768530.45442331,12.58714285714286,284,54.73857142857143,61.4452380952381,22.92178571428571,28.24571428571429,18.23892857142857,72.25928571428571,0.6210714285714286,17.5025,1.093571428571428,-0.7393035714285715,0.4794819025793142,0.8438445707737943,0,0,0,1073214.285714286,16.25,1072.0,3497.6225,-52.44427747013884,2021-01-01,2021-01
TOLIMA,2021,2,554.9584551164825,554.9584551164825,6305.07,7506.04,0.8872190211346849,10768530.45442331,13.38714285714286,284,50.37857142857143,105.1171428571429,23.57428571428571,28.58357142857143,19.68107142857143,73.33035714285714,0.6003571428571428,15.48,1.0175,-0.7527678571428568,0.4091396987071506,0.8227419096121451,0,1,1,1113535.714285714,16.88,1273.64,3554.505,0.0,2021-02-01,2021-02
TOLIMA,2021,3,475.4430334943202,526.3833585115688,6305.07,7506.04,0.7600967223638353,10768530.45442331,17.00571428571429,284,62.53428571428572,112.9128571428571,22.84892857142857,27.2675,19.35571428571428,75.88892857142856,0.6132142857142857,14.0675,0.8453571428571429,-1.159553571428571,0.4686711491833552,0.8406013447550065,0,1,0,1156107.142857143,16.25,1128.007,3603.13,-50.9403250172486,2021-03-01,2021-03
TOLIMA,2021,4,476.9308144154588,406.067162280353,6305.07,7506.04,0.7624752563249737,10768530.45442331,32.27142857142857,355,115.8214285714286,196.5928571428571,22.60514285714286,26.94485714285714,19.02314285714286,79.11314285714286,0.648,15.93914285714286,1.287428571428572,-1.3775,0.579065966481588,0.8737197899444764,1,0,0,1209342.857142857,15.38,1035.027,3660.336,70.86365213510578,2021-04-01,2021-04
TOLIMA,2021,5,278.9265796500011,308.811570326787,6305.07,7506.04,0.4459234104534499,10768530.45442331,12.55142857142857,284,57.75714285714286,155.3414285714286,22.8625,27.78785714285714,18.70178571428572,76.90035714285713,0.6171428571428572,16.93857142857143,1.453928571428571,-3.452678571428572,0.4745439472634429,0.8423631841790329,0,1,0,1387714.285714286,15.13,345.0,3736.075,-29.88499067678583,2021-05-01,2021-05
TOLIMA,2021,6,484.6090576910746,527.3859934801623,6305.07,7506.04,0.7747505598548496,10768530.45442331,30.02428571428571,284,102.3414285714286,160.0985714285714,21.51464285714286,25.7975,17.7425,81.52464285714285,0.6614285714285715,15.86642857142857,1.426428571428571,0.8986607142857148,0.5510382417386744,0.8653114725216022,1,1,0,1417821.428571428,15.31,890.284,3680.635,-42.77693578908764,2021-06-01,2021-06
TOLIMA,2021,7,673.6283894153946,606.0928385147491,6305.07,7506.04,1.0769381288914974,10768530.45442331,9.382857142857144,355,72.37857142857143,201.0285714285714,21.95228571428571,27.37085714285714,17.40057142857143,74.81485714285714,0.6174285714285714,16.61314285714285,1.946857142857143,-2.160285714285714,0.4024489750161517,0.8207346925048455,1,1,0,1557857.142857143,14.81,1184.276,3822.534,67.53555090064549,2021-07-01,2021-07
TOLIMA,2021,8,414.3146434736219,458.7054981315099,6305.07,7506.04,0.6623700009170566,10768530.45442331,9.807142857142855,284,38.60714285714285,84.67714285714285,23.20392857142857,28.79785714285714,18.60142857142857,70.08928571428572,0.5857142857142857,16.59678571428572,1.530714285714286,-0.8356250000000004,0.3849997462107486,0.8154999238632246,0,1,1,1700964.285714286,14.88,1130.973,3885.995,-44.39085465788804,2021-08-01,2021-08
TOLIMA,2021,9,684.7835120175845,606.0928385147491,6305.07,7506.04,1.094771962874034,10768530.45442331,17.04,355,62.83285714285714,114.4957142857143,23.50914285714286,29.55971428571429,18.38828571428571,67.50657142857143,0.57,17.89885714285714,1.61,0.2158571428571427,0.409077418741142,0.8227232256223426,0,1,1,1723100.0,15.88,1089.832,3818.934,78.69067350283535,2021-09-01,2021-09
TOLIMA,2021,10,458.236523710716,507.3332941082929,6305.07,7506.04,0.7325884600306676,10768530.45442331,10.31428571428571,284,43.95571428571428,93.73285714285714,24.07928571428571,29.24607142857143,19.7775,71.16464285714287,0.5532142857142858,16.30392857142857,1.036785714285714,-3.360535714285714,0.3093091343890385,0.7927927403167115,0,1,1,1782785.714285715,15.63,986.834,3771.41,-49.09677039757685,2021-10-01,2021-10
TOLIMA,2021,11,529.1907364236305,566.990074739604,6305.07,7506.04,0.846023847072966,10768530.45442331,12.02142857142857,284,41.15,85.10571428571427,23.49964285714286,28.4875,19.55571428571428,73.07607142857142,0.5557142857142857,15.8475,1.010357142857143,-3.180803571428572,0.3550156870801181,0.8065047061240354,0,1,1,1997101.19047619,15.25,1135.451,3895.2825,-37.7993383159735,2021-11-01,2021-11
TOLIMA,2021,12,759.031299094066,694.324715750974,6305.07,7506.04,1.2134728284326743,10768530.45442331,21.69142857142857,355,80.59285714285714,137.75,23.46057142857143,28.25085714285714,19.59742857142857,75.44857142857143,0.5665714285714285,14.94542857142857,1.000571428571429,0.0969285714285711,0.3963248644360796,0.8188974593308238,0,1,0,2115742.857142857,15.75,1167.18,3966.816,64.706583343092,2021-12-01,2021-12
TOLIMA,2022,1,376.7014303796574,417.0622979203351,5325.52,7442.22,0.6074017113920158,14502232.05729942,11.93571428571429,284,58.32857142857143,122.9142857142857,23.23428571428571,28.515,18.93464285714286,72.53464285714286,0.5678571428571428,15.48214285714286,1.110714285714286,-0.902160714285714,0.3698726941023229,0.8109618082306969,0,1,1,2153767.857142857,15.5,1031.827,4001.5425,-40.36086754067765,2022-01-01,2022-01
TOLIMA,2022,2,443.4204154979203,445.891489020819,5325.52,7442.22,0.7149808774767533,14502232.05729942,25.21714285714285,284,78.38714285714286,136.7157142857143,23.04714285714286,27.75571428571428,19.19214285714286,75.30964285714285,0.5928571428571429,14.88142857142857,0.8760714285714286,2.204732142857143,0.499883409149129,0.8499650227447386,0,1,1,2212119.047619048,15.63,983.233,3938.4075,-2.471073522898735,2022-02-01,2022-02
TOLIMA,2022,3,491.1258626761023,439.1646777640394,5325.52,7442.22,0.7919021947904291,14502232.05729942,42.73571428571429,355,158.6685714285714,271.8871428571429,22.628,27.05714285714286,19.03714285714286,80.05057142857143,0.6702857142857143,15.35028571428571,0.9577142857142856,2.663,0.6445820826049439,0.8933746247814831,1,0,0,1994971.428571429,17.25,1120.626,3806.814,51.96118491206283,2022-03-01,2022-03
TOLIMA,2022,4,340.0914575950644,360.3648887560499,5325.52,7442.22,0.5483709821989639,14502232.05729942,37.37857142857143,284,155.1871428571429,279.0242857142857,22.50571428571428,26.98642857142857,18.77071428571429,80.77071428571429,0.7271428571428571,15.25678571428572,1.279285714285714,1.499107142857143,0.7073402974259314,0.9122020892277792,1,0,0,2030119.047619048,17.63,848.0,3801.7925,-20.27343116098552,2022-04-01,2022-04
TOLIMA,2022,5,441.3656160093451,488.6547891532036,5325.52,7442.22,0.7116676733705992,14502232.05729942,29.16285714285714,284,126.4671428571429,281.6542857142857,22.15821428571429,26.505,18.3675,81.58571428571429,0.7575000000000001,15.53071428571429,1.356785714285714,0.7001785714285715,0.6940831629577587,0.9082249488873276,1,0,0,2097571.428571429,17.13,944.263,4028.5875,-47.28917314385848,2022-05-01,2022-05
TOLIMA,2022,6,532.3449270188333,456.9426789426713,5325.52,7442.22,0.8583647250720886,14502232.05729942,27.03285714285714,355,118.1257142857143,273.6171428571429,21.48857142857143,25.55571428571429,17.74885714285714,81.924,0.7574285714285713,14.45942857142857,1.256,-0.781285714285714,0.5984357527565798,0.8795307258269739,1,0,0,2177485.714285715,17.38,939.0,3951.326,75.40224807616204,2022-06-01,2022-06
TOLIMA,2022,7,409.5105713712829,453.3867040182061,5325.52,7442.22,0.6603038954042468,14502232.05729942,25.99857142857143,284,82.94857142857143,172.05,21.80071428571429,26.35642857142857,17.64,79.67928571428571,0.7357142857142857,15.70428571428571,1.376428571428572,2.580982142857143,0.6395453109556468,0.8918635932866941,0,0,0,2248178.571428572,17.38,1020.512,4387.6125,-43.87613264692322,2022-07-01,2022-07
TOLIMA,2022,8,411.8544440441186,455.9817059059885,5325.52,7442.22,0.6640832075011788,14502232.05729942,18.10571428571428,284,107.7428571428572,190.6914285714286,21.80892857142857,26.62428571428572,17.35928571428571,77.5425,0.7478571428571429,17.015,1.386071428571429,1.239017857142857,0.6195320710161741,0.8858596213048522,1,0,0,2296321.428571429,17.44,872.0,4315.08,-44.1272618618699,2022-08-01,2022-08
TOLIMA,2022,9,472.3802457900273,400.7257562967275,5325.52,7442.22,0.7616763478478635,14502232.05729942,19.82428571428571,355,60.67142857142858,181.3142857142857,22.73171428571429,27.61771428571429,18.30114285714286,74.33028571428572,0.6791428571428572,17.14714285714286,1.249142857142857,0.7727142857142859,0.5745801394851705,0.8723740418455511,0,0,0,2409257.142857143,18.06,816.0,4438.996,71.65448949329982,2022-09-01,2022-09
TOLIMA,2022,10,385.3811868400182,426.672028287163,5325.52,7442.22,0.6213971425300808,14502232.05729942,38.48428571428571,284,129.0485714285714,176.82,22.14107142857143,26.34464285714285,18.68714285714286,80.99892857142856,0.7407142857142857,15.92892857142857,1.114285714285714,3.681964285714285,0.7052136734333492,0.9115641020300048,1,0,0,2270857.142857143,18.06,944.0,4716.65,-41.29084144714477,2022-10-01,2022-10
TOLIMA,2022,11,472.1477523134103,509.3157094418838,5325.52,7442.22,0.7613014702280937,14502232.05729942,31.12857142857143,284,141.27,270.3185714285714,21.74321428571429,25.59428571428571,18.63714285714286,83.51071428571429,0.8035714285714286,15.13107142857143,1.051428571428571,1.595982142857143,0.6885943036554665,0.90657829109664,1,0,0,1997750.0,18.5,853.0,4931.7075,-37.16795712847352,2022-11-01,2022-11
TOLIMA,2022,12,535.1185612396472,471.3572744929132,5325.52,7442.22,0.8628369941866494,14502232.05729942,20.22571428571429,355,96.14571428571428,270.9185714285714,21.59828571428572,26.00714285714286,18.08514285714286,81.60228571428571,0.7842857142857144,15.52,1.013428571428571,-0.1962142857142859,0.6120648320056088,0.8836194496016827,1,0,0,1937114.285714286,19.75,1035.0,4793.856,63.76128674673402,2022-12-01,2022-12
TOLIMA,2023,1,359.2320424712759,397.7211898789125,5199.53,7725.03,0.558028190137166,11143094.64744758,30.06571428571429,284,109.61,172.2528571428572,21.13392857142857,25.43678571428572,17.6725,81.27535714285715,0.8060714285714285,15.60607142857143,0.9621428571428572,3.630339285714285,0.6694229040984828,0.9008268712295447,1,0,0,1823607.142857143,22.38,832.373,4720.7275,-38.48914740763666,2023-01-01,2023-01
TOLIMA,2023,2,461.7715822911107,469.6592392003288,5199.53,7725.03,0.7173122936083521,11143094.64744758,11.40714285714286,284,59.06,168.67,22.0775,26.685,18.11178571428571,79.94535714285715,0.7553571428571428,17.01607142857143,0.9571428571428572,-1.247767857142857,0.6039765250389636,0.881192957511689,0,0,0,2066000.0,21.75,929.255,4786.075,-7.887656909218094,2023-02-01,2023-02
TOLIMA,2023,3,416.9377059996371,366.1051045083538,5199.53,7725.03,0.6476677076976589,11143094.64744758,38.24,355,129.8657142857143,204.5514285714286,22.39885714285715,26.43114285714286,19.2,81.64200000000001,0.7822857142857143,14.20971428571428,0.9302857142857144,1.763857142857143,0.7194814885264934,0.915844446557948,1,0,0,1993171.428571429,20.88,906.561,4763.01,50.8326014912833,2023-03-01,2023-03
TOLIMA,2023,4,241.9971816776383,259.2826946546124,5199.53,7725.03,0.3759164922507304,11143094.64744758,26.21142857142857,284,112.4385714285714,226.6785714285714,22.18607142857143,26.08821428571429,18.80428571428572,82.58178571428572,0.8182142857142858,14.94571428571428,1.145,-1.292678571428571,0.7396752103791794,0.9219025631137536,1,0,0,1985821.428571428,17.75,723.151,4535.2875,-17.28551297697413,2023-04-01,2023-04
TOLIMA,2023,5,333.6535232208164,369.4021149944753,5199.53,7725.03,0.5182947223052593,11143094.64744758,17.13,284,72.20142857142858,184.64,22.56642857142857,26.78607142857143,18.93142857142857,82.36785714285713,0.7814285714285715,16.84964285714286,1.418571428571429,-2.308035714285714,0.6892080982493001,0.90676242947479,0,0,0,1909642.857142857,17.38,845.853,4550.385,-35.74859177365892,2023-05-01,2023-05
TOLIMA,2023,6,501.7865402232692,438.0431538297701,5199.53,7725.03,0.779471210167369,11143094.64744758,19.95,355,94.22714285714284,188.6542857142857,21.898,26.82142857142857,17.708,80.28685714285714,0.7471428571428571,17.67028571428571,1.854571428571429,-2.197857142857143,0.6228362558677201,0.886850876760316,0,0,0,1581771.428571428,15.88,753.422,4227.576,63.74338639349912,2023-06-01,2023-06
TOLIMA,2023,7,391.9271246777629,433.9193166075233,5199.53,7725.03,0.6088164701150875,11143094.64744758,13.57571428571429,284,57.97857142857143,129.98,22.72107142857143,27.87178571428571,18.22535714285714,76.85714285714286,0.6957142857142857,16.60464285714286,1.593214285714286,-0.5247321428571429,0.5704432379057747,0.8711329713717324,0,0,0,1315964.285714286,15.63,851.998,4066.7,-41.99219192976034,2023-07-01,2023-07
TOLIMA,2023,8,452.4529348619149,399.5540064221333,5199.53,7725.03,0.7028367810018834,11143094.64744758,19.82857142857143,355,61.36714285714287,126.9442857142857,23.62171428571428,29.31057142857143,18.62171428571428,71.1317142857143,0.6471428571428571,18.056,1.486,0.7340714285714288,0.5035633844454399,0.851069015333632,0,0,1,1316914.285714286,17.0,816.755,4066.912,52.89892843978157,2023-08-01,2023-08
TOLIMA,2023,9,367.2219175704963,389.0153112986138,5199.53,7725.03,0.5704395984023306,11143094.64744758,10.24857142857143,284,55.90714285714286,109.6757142857143,24.54214285714286,30.52178571428572,19.17535714285714,67.74892857142856,0.6189285714285715,18.35428571428572,1.392857142857143,-0.6758928571428572,0.3869640128135508,0.8160892038440652,0,0,1,1283328.869047619,18.0,840.002,3998.6925,-21.79339372811751,2023-09-01,2023-09
TOLIMA,2023,10,479.0278472488285,530.35225945406,5199.53,7725.03,0.7441180379863822,11143094.64744758,24.85285714285714,284,89.93714285714286,145.8442857142857,23.82,28.32964285714286,19.68928571428572,75.72428571428571,0.6507142857142857,16.36678571428572,0.9821428571428572,0.2741071428571432,0.5405158941405201,0.862154768242156,0,0,1,1383750.0,20.38,908.637,4237.865,-51.32441220523151,2023-10-01,2023-10
TOLIMA,2023,11,675.7804878545237,587.4665634688738,5199.53,7725.03,1.0497520209312177,11143094.64744758,29.91285714285715,355,130.8871428571429,245.5214285714286,23.21142857142857,27.48771428571429,19.42114285714286,78.05514285714285,0.6808571428571428,16.42771428571428,1.057428571428571,0.2883571428571431,0.6060675207234344,0.8818202562170303,1,0,0,1410619.047619048,18.75,1104.61,4038.776,88.3139243856499,2023-11-01,2023-11
TOLIMA,2023,12,504.9113961001802,559.0090456823425,5199.53,7725.03,0.7843253363679057,11143094.64744758,16.61857142857143,284,53.49142857142857,159.6814285714286,23.44785714285714,28.06142857142857,19.69,77.9225,0.6525000000000001,14.41464285714286,0.9746428571428573,-0.215446428571429,0.4839919409542515,0.8451975822862754,0,0,0,1467000.0,20.0,1066.685,3942.2475,-54.09764958216226,2023-12-01,2023-12
TOLIMA,2024,1,502.5452318132242,556.3893637932124,8120.99,7498.54,0.8042289274657053,16061885.36132928,3.878571428571428,284,42.15142857142857,95.64285714285714,24.60392857142857,30.45107142857143,19.36071428571429,67.36357142857143,0.6225,20.2825,0.9789285714285716,-2.916446428571429,0.3724869716157908,0.8117460914847372,0,0,1,1417678.571428571,21.0,937.134,3914.335,-53.84413197998822,2024-01-01,2024-01
TOLIMA,2024,2,659.990146762739,557.5497170023746,8120.99,7498.54,1.056189839775859,16061885.36132928,18.70428571428571,355,63.63714285714286,117.59,24.82285714285714,30.14028571428572,20.40942857142857,71.13171428571428,0.6114285714285714,16.50714285714286,1.16,-0.8814285714285713,0.3639286946009664,0.80917860838029,0,1,1,1455914.285714286,26.0,1045.063,3930.926,102.4404297603644,2024-02-01,2024-02
TOLIMA,2024,3,453.5654459501757,502.1617437305516,8120.99,7498.54,0.7258460115438616,16061885.36132928,9.937142857142858,284,32.31428571428572,84.15,25.84678571428572,31.53178571428571,21.19,67.905,0.5753571428571428,15.69642857142857,1.126785714285714,-3.192589285714286,0.2112294336486406,0.7633688300945921,0,1,1,1441214.285714286,26.25,1005.461,3895.665,-48.59629778037595,2024-03-01,2024-03
TOLIMA,2024,4,401.7916378925192,430.4910405991279,8120.99,7498.54,0.6429917896964249,16061885.36132928,36.30857142857143,284,103.2342857142857,135.5485714285714,24.33642857142857,28.99535714285714,20.25285714285714,75.19714285714285,0.6314285714285715,16.42214285714286,0.9617857142857142,1.231607142857142,0.5293541675726412,0.8588062502717924,1,1,1,1659785.714285714,24.75,791.794,3865.705,-28.69940270660874,2024-04-01,2024-04
TOLIMA,2024,5,723.8283318752991,649.797797130759,8120.99,7498.54,1.1583508232940798,16061885.36132928,52.26142857142857,355,236.7071428571429,378.7785714285714,23.07057142857143,27.016,19.712,83.6182857142857,0.7508571428571429,15.67085714285714,1.355142857142857,4.091571428571428,0.7306316972748466,0.919189509182454,1,0,1,1607542.857142857,22.5,935.22,3870.384,74.03053474454009,2024-05-01,2024-05
TOLIMA,2024,6,634.6358485310413,679.9669805689729,8120.99,7498.54,1.015615064048801,16061885.36132928,39.95571428571429,284,132.0257142857143,329.8957142857143,22.36785714285714,26.56107142857143,18.7075,83.44678571428571,0.7892857142857143,15.35857142857143,1.3775,3.614464285714286,0.7884099194924012,0.9365229758477204,1,0,0,1825392.857142857,23.88,1023.959,4055.79,-45.33113203793152,2024-06-01,2024-06
TOLIMA,2024,7,607.2904105314813,672.3572402312827,8120.99,7498.54,0.9718538443987464,16061885.36132928,14.87857142857143,284,116.5242857142857,248.55,21.83178571428572,26.46642857142857,17.88357142857143,81.54035714285715,0.7910714285714285,17.1825,1.897857142857143,-0.1990178571428572,0.641636691866675,0.8924910075600024,1,0,0,1879714.285714286,25.25,1019.355,4035.035,-65.06682969980147,2024-07-01,2024-07
TOLIMA,2024,8,694.3889066269163,608.6052582055056,8120.99,7498.54,1.1112385717116926,16061885.36132928,9.644285714285717,355,39.51428571428572,160.6828571428571,23.02428571428571,28.59114285714286,18.11571428571428,73.44828571428572,0.6802857142857143,18.32914285714286,1.508,-1.302785714285714,0.5313631421087066,0.8594089426326119,0,0,1,1937142.857142857,25.38,1029.58,4067.31,85.7836484214107,2024-08-01,2024-08
TOLIMA,2024,9,580.0709242050559,621.5045616482743,8120.99,7498.54,0.9282941866630932,16061885.36132928,11.94285714285714,284,27.32571428571429,62.19571428571429,24.53,30.30285714285714,19.46142857142857,67.4825,0.6203571428571428,18.41142857142857,1.346071428571429,-0.2523214285714288,0.4015967761876701,0.820479032856301,0,0,1,2118607.142857143,26.25,998.341,4183.9575,-41.43363744321834,2024-09-01,2024-09
TOLIMA,2024,10,899.8560838917407,776.946405581888,8120.99,7498.54,1.4400500639725715,16061885.36132928,25.27857142857143,355,100.0928571428572,144.8628571428571,23.41971428571429,28.07742857142857,19.54114285714286,76.12942857142858,0.6457142857142857,16.97371428571429,1.029142857142857,-0.6702857142857138,0.5385444370413244,0.8615633311123971,0,0,1,2175914.285714285,28.5,1039.068,4261.012000000001,122.9096783098527,2024-10-01,2024-10
TOLIMA,2024,11,953.3902942175976,1021.928595882434,8120.99,7498.54,1.5257214778625134,16061885.36132928,25.07714285714286,284,93.17142857142858,175.82,22.71178571428571,26.71857142857143,19.5025,80.99321428571429,0.6789285714285714,14.48285714285714,1.010357142857143,0.3699107142857141,0.5857464274537144,0.8757239282361142,0,0,0,2498035.714285715,21.38,1193.949,4408.6275,-68.53830166483647,2024-11-01,2024-11
TOLIMA,2024,12,942.3276218553958,1043.291295625617,8120.99,7498.54,1.508017755758421,16061885.36132928,23.22571428571429,284,76.11285714285714,169.2842857142857,23.05214285714286,27.4775,19.64035714285714,79.96178571428572,0.6721428571428572,14.07785714285714,0.9525,1.436339285714286,0.5355246753029212,0.8606574025908763,0,0,0,2765107.142857143,28.13,1303.939,4382.46,-100.963673770221,2024-12-01,2024-12
